"BLUE1",17.3902374,78.5587644,1,0.00
"BLUE1",17.3910013,78.5588151,2,85.00
"BLUE1",17.3914949,78.5588479,3,140.00
"BLUE1",17.3948326,78.5592034,4,513.00
"BLUE1",17.3952971,78.5592527,5,565.00
"BLUE1",17.3956921,78.5593226,6,610.00
"BLUE1",17.3980792,78.5599376,7,883.00
"BLUE1",17.3986136,78.5600834,8,944.00
"BLUE1",17.3990669,78.5601447,9,995.00
"BLUE1",17.3993615,78.5601638,10,1028.00
"BLUE1",17.4000621,78.5602104,11,1106.00
"BLUE1",17.4006322,78.5602301,12,1169.00
"BLUE1",17.4009716,78.5602261,13,1207.00
"BLUE1",17.4013482,78.5601670,14,1250.00
"BLUE1",17.4014112,78.5601459,15,1257.00
"BLUE1",17.4016575,78.5600634,16,1286.00
"BLUE1",17.4018993,78.5598901,17,1318.00
"BLUE1",17.4020573,78.5597613,18,1341.00
"BLUE1",17.4021849,78.5596290,19,1360.00
"BLUE1",17.4023153,78.5594562,20,1384.00
"BLUE1",17.4024095,78.5592830,21,1405.00
"BLUE1",17.4024971,78.5590921,22,1427.00
"BLUE1",17.4027786,78.5585235,23,1495.00
"BLUE1",17.4029220,78.5582902,24,1525.00
"BLUE1",17.4030320,78.5581561,25,1544.00
"BLUE1",17.4032700,78.5579120,26,1581.00
"BLUE1",17.4073799,78.5542281,27,2182.00
"BLUE1",17.4084284,78.5532744,28,2336.00
"BLUE1",17.4086060,78.5530969,29,2364.00
"BLUE1",17.4090434,78.5526332,30,2433.00
"BLUE1",17.4100482,78.5515328,31,2594.00
"BLUE1",17.4119606,78.5494086,32,2904.00
"BLUE1",17.4140390,78.5471454,33,3238.00
"BLUE1",17.4143925,78.5467715,34,3293.00
"BLUE1",17.4148047,78.5463149,35,3360.00
"BLUE1",17.4175280,78.5432115,36,3807.00
"BLUE1",17.4186297,78.5419487,37,3989.00
"BLUE1",17.4189978,78.5415557,38,4047.00
"BLUE1",17.4193468,78.5411592,39,4105.00
"BLUE1",17.4201642,78.5405282,40,4218.00
"BLUE1",17.4209968,78.5399709,41,4327.00
"BLUE1",17.4213220,78.5395692,42,4383.00
"BLUE1",17.4223162,78.5382072,43,4565.00
"BLUE1",17.4237110,78.5369908,44,4767.00
"BLUE1",17.4244110,78.5362910,45,4875.00
"BLUE1",17.4246399,78.5359580,46,4918.00
"BLUE1",17.4247961,78.5356080,47,4959.00
"BLUE1",17.4251946,78.5335197,48,5185.00
"BLUE1",17.4253400,78.5331048,49,5232.00
"BLUE1",17.4255927,78.5325582,50,5296.00
"BLUE1",17.4260585,78.5316973,51,5401.00
"BLUE1",17.4263908,78.5312461,52,5462.00
"BLUE1",17.4270538,78.5304559,53,5574.00
"BLUE1",17.4276859,78.5296245,54,5686.00
"BLUE1",17.4277912,78.5294510,55,5708.00
"BLUE1",17.4282733,78.5284257,56,5829.00
"BLUE1",17.4288374,78.5272083,57,5973.00
"BLUE1",17.4289932,78.5269521,58,6005.00
"BLUE1",17.4292134,78.5266723,59,6044.00
"BLUE1",17.4303086,78.5255018,60,6218.00
"BLUE1",17.4305780,78.5252136,61,6260.00
"BLUE1",17.4318817,78.5237248,62,6475.00
"BLUE1",17.4336277,78.5216797,63,6766.00
"BLUE1",17.4355036,78.5195573,64,7073.00
"BLUE1",17.4364068,78.5184986,65,7224.00
"BLUE1",17.4368754,78.5178020,66,7314.00
"BLUE1",17.4369455,78.5170843,67,7390.00
"BLUE1",17.4368652,78.5168150,68,7420.00
"BLUE1",17.4358757,78.5153530,69,7611.00
"BLUE1",17.4356047,78.5149707,70,7661.00
"BLUE1",17.4349695,78.5136075,71,7822.00
"BLUE1",17.4346629,78.5125782,72,7936.00
"BLUE1",17.4338850,78.5109796,73,8127.00
"BLUE1",17.4334960,78.5101427,74,8226.00
"BLUE1",17.4333691,78.5090617,75,8341.00
"BLUE1",17.4332810,78.5077584,76,8480.00
"BLUE1",17.4332687,78.5075597,77,8501.00
"BLUE1",17.4332397,78.5071580,78,8544.00
"BLUE1",17.4332384,78.5070170,79,8559.00
"BLUE1",17.4332449,78.5069050,80,8570.00
"BLUE1",17.4332707,78.5067717,81,8585.00
"BLUE1",17.4332966,78.5066727,82,8596.00
"BLUE1",17.4333395,78.5065578,83,8609.00
"BLUE1",17.4333902,78.5064583,84,8621.00
"BLUE1",17.4334471,78.5063617,85,8633.00
"BLUE1",17.4335103,78.5062721,86,8645.00
"BLUE1",17.4336052,78.5061664,87,8660.00
"BLUE1",17.4336866,78.5060946,88,8672.00
"BLUE1",17.4337549,78.5060440,89,8681.00
"BLUE1",17.4338226,78.5060005,90,8690.00
"BLUE1",17.4339127,78.5059517,91,8701.00
"BLUE1",17.4343186,78.5058198,92,8749.00
"BLUE1",17.4346743,78.5057232,93,8789.00
"BLUE1",17.4350249,78.5056374,94,8829.00
"BLUE1",17.4357106,78.5054333,95,8909.00
"BLUE1",17.4363556,78.5052457,96,8983.00
"BLUE1",17.4367778,78.5051197,97,9032.00
"BLUE1",17.4370260,78.5050124,98,9062.00
"BLUE1",17.4375049,78.5047906,99,9120.00
"BLUE1",17.4377195,78.5047308,100,9145.00
"BLUE1",17.4379140,78.5047093,101,9166.00
"BLUE1",17.4380931,78.5047147,102,9186.00
"BLUE1",17.4382864,78.5047515,103,9208.00
"BLUE1",17.4406392,78.5053881,104,9478.00
"BLUE1",17.4410154,78.5054710,105,9521.00
"BLUE1",17.4412278,78.5054845,106,9545.00
"BLUE1",17.4414095,78.5054550,107,9565.00
"BLUE1",17.4415962,78.5054082,108,9587.00
"BLUE1",17.4417256,78.5053654,109,9602.00
"BLUE1",17.4418920,78.5052877,110,9622.00
"BLUE1",17.4420799,78.5051358,111,9648.00
"BLUE1",17.4422437,78.5049427,112,9676.00
"BLUE1",17.4424052,78.5046968,113,9707.00
"BLUE1",17.4425687,78.5044223,114,9742.00
"BLUE1",17.4426557,78.5041809,115,9769.00
"BLUE1",17.4427094,78.5039851,116,9791.00
"BLUE1",17.4427478,78.5037518,117,9816.00
"BLUE1",17.4427635,78.5035192,118,9841.00
"BLUE1",17.4427811,78.5020566,119,9996.00
"BLUE1",17.4427964,78.5017133,120,10032.00
"BLUE1",17.4428311,78.5013851,121,10067.00
"BLUE1",17.4429667,78.5007119,122,10140.00
"BLUE1",17.4430126,78.5004647,123,10167.00
"BLUE1",17.4430408,78.5001858,124,10197.00
"BLUE1",17.4431713,78.4974685,125,10485.00
"BLUE1",17.4432456,78.4954332,126,10701.00
"BLUE1",17.4433531,78.4905731,127,11217.00
"BLUE1",17.4434398,78.4862445,128,11676.00
"BLUE1",17.4434498,78.4855440,129,11751.00
"BLUE1",17.4434677,78.4852149,130,11786.00
"BLUE1",17.4435347,78.4836985,131,11947.00
"BLUE1",17.4435295,78.4834179,132,11977.00
"BLUE1",17.4434322,78.4827340,133,12050.00
"BLUE1",17.4434196,78.4824782,134,12077.00
"BLUE1",17.4434527,78.4806338,135,12273.00
"BLUE1",17.4434500,78.4794978,136,12393.00
"BLUE1",17.4434554,78.4791468,137,12430.00
"BLUE1",17.4435921,78.4764056,138,12722.00
"BLUE1",17.4436284,78.4757053,139,12796.00
"BLUE1",17.4442246,78.4729233,140,13099.00
"BLUE1",17.4442412,78.4708533,141,13318.00
"BLUE1",17.4447373,78.4675399,142,13674.00
"BLUE1",17.4447246,78.4671326,143,13717.00
"BLUE1",17.4447275,78.4667502,144,13758.00
"BLUE1",17.4447709,78.4664424,145,13791.00
"BLUE1",17.4448686,78.4658736,146,13852.00
"BLUE1",17.4450729,78.4646038,147,13989.00
"BLUE1",17.4450464,78.4641369,148,14038.00
"BLUE1",17.4448858,78.4633973,149,14119.00
"BLUE1",17.4447393,78.4628280,150,14181.00
"BLUE1",17.4444399,78.4618885,151,14286.00
"BLUE1",17.4440509,78.4609816,152,14392.00
"BLUE1",17.4419483,78.4582537,153,14764.00
"BLUE1",17.4416309,78.4581103,154,14802.00
"BLUE1",17.4401252,78.4577511,155,14974.00
"BLUE1",17.4384629,78.4573545,156,15164.00
"BLUE1",17.4380533,78.4571930,157,15212.00
"BLUE1",17.4375612,78.4569588,158,15272.00
"BLUE1",17.4364739,78.4564081,159,15407.00
"BLUE1",17.4362276,78.4562713,160,15438.00
"BLUE1",17.4359768,78.4561332,161,15469.00
"BLUE1",17.4358617,78.4560554,162,15484.00
"BLUE1",17.4357619,78.4559709,163,15499.00
"BLUE1",17.4356877,78.4558891,164,15511.00
"BLUE1",17.4355962,78.4557670,165,15527.00
"BLUE1",17.4355118,78.4556175,166,15545.00
"BLUE1",17.4354488,78.4554670,167,15563.00
"BLUE1",17.4354043,78.4552929,168,15582.00
"BLUE1",17.4353889,78.4551159,169,15601.00
"BLUE1",17.4353953,78.4549275,170,15621.00
"BLUE1",17.4354222,78.4547699,171,15638.00
"BLUE1",17.4354740,78.4546030,172,15656.00
"BLUE1",17.4359020,78.4534751,173,15785.00
"BLUE1",17.4359816,78.4532246,174,15813.00
"BLUE1",17.4360044,78.4531177,175,15825.00
"BLUE1",17.4360165,78.4530339,176,15834.00
"BLUE1",17.4360184,78.4529400,177,15844.00
"BLUE1",17.4360165,78.4528327,178,15855.00
"BLUE1",17.4360037,78.4527207,179,15867.00
"BLUE1",17.4359800,78.4526242,180,15878.00
"BLUE1",17.4359385,78.4525021,181,15892.00
"BLUE1",17.4358751,78.4523620,182,15908.00
"BLUE1",17.4358233,78.4522701,183,15919.00
"BLUE1",17.4357363,78.4521487,184,15935.00
"BLUE1",17.4356531,78.4520642,185,15948.00
"BLUE1",17.4355150,78.4519432,186,15968.00
"BLUE1",17.4353729,78.4518215,187,15989.00
"BLUE1",17.4352923,78.4517424,188,16001.00
"BLUE1",17.4352245,78.4516579,189,16013.00
"BLUE1",17.4351541,78.4515573,190,16026.00
"BLUE1",17.4350902,78.4514379,191,16040.00
"BLUE1",17.4350326,78.4512971,192,16057.00
"BLUE1",17.4349923,78.4511335,193,16075.00
"BLUE1",17.4349469,78.4508355,194,16107.00
"BLUE1",17.4349136,78.4505877,195,16133.00
"BLUE1",17.4348698,78.4503708,196,16157.00
"BLUE1",17.4346558,78.4495490,197,16247.00
"BLUE1",17.4345550,78.4489794,198,16309.00
"BLUE1",17.4344757,78.4483242,199,16379.00
"BLUE1",17.4344287,78.4478907,200,16425.00
"BLUE1",17.4343941,78.4475085,201,16466.00
"BLUE1",17.4343775,78.4472416,202,16494.00
"BLUE1",17.4343596,78.4470834,203,16511.00
"BLUE1",17.4343250,78.4469372,204,16527.00
"BLUE1",17.4342802,78.4467682,205,16545.00
"BLUE1",17.4341817,78.4464665,206,16579.00
"BLUE1",17.4341497,78.4463364,207,16594.00
"BLUE1",17.4341331,78.4462371,208,16604.00
"BLUE1",17.4341267,78.4461205,209,16617.00
"BLUE1",17.4341280,78.4459609,210,16634.00
"BLUE1",17.4341382,78.4458496,211,16645.00
"BLUE1",17.4341606,78.4457463,212,16657.00
"BLUE1",17.4342105,78.4455995,213,16673.00
"BLUE1",17.4343084,78.4454137,214,16696.00
"BLUE1",17.4343743,78.4453165,215,16708.00
"BLUE1",17.4344626,78.4452112,216,16723.00
"BLUE1",17.4345912,78.4450925,217,16742.00
"BLUE1",17.4349341,78.4448598,218,16788.00
"BLUE1",17.4353341,78.4446031,219,16840.00
"BLUE1",17.4360856,78.4441209,220,16938.00
"BLUE1",17.4364976,78.4438419,221,16992.00
"BLUE1",17.4366601,78.4437105,222,17015.00
"BLUE1",17.4367676,78.4435979,223,17032.00
"BLUE1",17.4369185,78.4433860,224,17060.00
"BLUE1",17.4369940,78.4431928,225,17082.00
"BLUE1",17.4372707,78.4421345,226,17199.00
"BLUE1",17.4374256,78.4415421,227,17264.00
"BLUE1",17.4376188,78.4407976,228,17346.00
"BLUE1",17.4376515,78.4406557,229,17361.00
"BLUE1",17.4376697,78.4405241,230,17375.00
"BLUE1",17.4376720,78.4405077,231,17377.00
"BLUE1",17.4376683,78.4403481,232,17394.00
"BLUE1",17.4376496,78.4402089,233,17409.00
"BLUE1",17.4376323,78.4401332,234,17417.00
"BLUE1",17.4376126,78.4400474,235,17427.00
"BLUE1",17.4375639,78.4399275,236,17440.00
"BLUE1",17.4374881,78.4397924,237,17457.00
"BLUE1",17.4369510,78.4391108,238,17551.00
"BLUE1",17.4364685,78.4384983,239,17635.00
"BLUE1",17.4363704,78.4383708,240,17652.00
"BLUE1",17.4362687,78.4382205,241,17672.00
"BLUE1",17.4361799,78.4380491,242,17693.00
"BLUE1",17.4361370,78.4379330,243,17706.00
"BLUE1",17.4361013,78.4377812,244,17722.00
"BLUE1",17.4360861,78.4376248,245,17739.00
"BLUE1",17.4360887,78.4374584,246,17757.00
"BLUE1",17.4361170,78.4371024,247,17795.00
"BLUE1",17.4361722,78.4366195,248,17846.00
"BLUE1",17.4363252,78.4356538,249,17950.00
"BLUE1",17.4363776,78.4353139,250,17987.00
"BLUE1",17.4364132,78.4350161,251,18019.00
"BLUE1",17.4364311,78.4348134,252,18040.00
"BLUE1",17.4365001,78.4336485,253,18164.00
"BLUE1",17.4365436,78.4329328,254,18240.00
"BLUE1",17.4365524,78.4326969,255,18265.00
"BLUE1",17.4365388,78.4325359,256,18282.00
"BLUE1",17.4365029,78.4323841,257,18299.00
"BLUE1",17.4364469,78.4322302,258,18316.00
"BLUE1",17.4363751,78.4320900,259,18333.00
"BLUE1",17.4361766,78.4318126,260,18370.00
"BLUE1",17.4360826,78.4316663,261,18389.00
"BLUE1",17.4360108,78.4315157,262,18406.00
"BLUE1",17.4359750,78.4313682,263,18423.00
"BLUE1",17.4359486,78.4312137,264,18439.00
"BLUE1",17.4359460,78.4310380,265,18458.00
"BLUE1",17.4359605,78.4308962,266,18473.00
"BLUE1",17.4359842,78.4307623,267,18488.00
"BLUE1",17.4360720,78.4304740,268,18520.00
"BLUE1",17.4365193,78.4291149,269,18672.00
"BLUE1",17.4365600,78.4289326,270,18692.00
"BLUE1",17.4365735,78.4288025,271,18706.00
"BLUE1",17.4365645,78.4286442,272,18723.00
"BLUE1",17.4365324,78.4284518,273,18743.00
"BLUE1",17.4364846,78.4282963,274,18761.00
"BLUE1",17.4364095,78.4281292,275,18780.00
"BLUE1",17.4363273,78.4280077,276,18796.00
"BLUE1",17.4362247,78.4278850,277,18813.00
"BLUE1",17.4361012,78.4277866,278,18831.00
"BLUE1",17.4359474,78.4276924,279,18851.00
"BLUE1",17.4356966,78.4275810,280,18881.00
"BLUE1",17.4351080,78.4273374,281,18951.00
"BLUE1",17.4321144,78.4261389,282,19307.00
"BLUE1",17.4299146,78.4251751,283,19573.00
"BLUE1",17.4298314,78.4249954,284,19594.00
"BLUE1",17.4297442,78.4247766,285,19619.00
"BLUE1",17.4297060,78.4245367,286,19645.00
"BLUE1",17.4296919,78.4243007,287,19670.00
"BLUE1",17.4297815,78.4239963,288,19704.00
"BLUE1",17.4300272,78.4231997,289,19792.00
"BLUE1",17.4306516,78.4212604,290,20010.00
"BLUE1",17.4307334,78.4209171,291,20047.00
"BLUE1",17.4308025,78.4206650,292,20075.00
"BLUE1",17.4308895,78.4203511,293,20110.00
"BLUE1",17.4309151,78.4200668,294,20140.00
"BLUE1",17.4309023,78.4198630,295,20162.00
"BLUE1",17.4307565,78.4195921,296,20195.00
"BLUE1",17.4305185,78.4193319,297,20233.00
"BLUE1",17.4276291,78.4165123,298,20672.00
"BLUE1",17.4273887,78.4162849,299,20708.00
"BLUE1",17.4272646,78.4161361,300,20729.00
"BLUE1",17.4271712,78.4159899,301,20747.00
"BLUE1",17.4271034,78.4158356,302,20765.00
"BLUE1",17.4270561,78.4156694,303,20784.00
"BLUE1",17.4270241,78.4155151,304,20801.00
"BLUE1",17.4270215,78.4153582,305,20817.00
"BLUE1",17.4270382,78.4151973,306,20834.00
"BLUE1",17.4270753,78.4150243,307,20853.00
"BLUE1",17.4271290,78.4148794,308,20870.00
"BLUE1",17.4271955,78.4147453,309,20886.00
"BLUE1",17.4272749,78.4146300,310,20901.00
"BLUE1",17.4273798,78.4145053,311,20919.00
"BLUE1",17.4275615,78.4143242,312,20946.00
"BLUE1",17.4282098,78.4136829,313,21046.00
"BLUE1",17.4288728,78.4130178,314,21148.00
"BLUE1",17.4291907,78.4127006,315,21196.00
"BLUE1",17.4293513,78.4125403,316,21221.00
"BLUE1",17.4296676,78.4122348,317,21269.00
"BLUE1",17.4297892,78.4120980,318,21289.00
"BLUE1",17.4298800,78.4119679,319,21306.00
"BLUE1",17.4299568,78.4118083,320,21325.00
"BLUE1",17.4300041,78.4116809,321,21339.00
"BLUE1",17.4300335,78.4115253,322,21356.00
"BLUE1",17.4300476,78.4113845,323,21371.00
"BLUE1",17.4300399,78.4112222,324,21388.00
"BLUE1",17.4300208,78.4110828,325,21403.00
"BLUE1",17.4299824,78.4109513,326,21418.00
"BLUE1",17.4298391,78.4105664,327,21462.00
"BLUE1",17.4298045,78.4104632,328,21473.00
"BLUE1",17.4297719,78.4103204,329,21489.00
"BLUE1",17.4297559,78.4101380,330,21508.00
"BLUE1",17.4297623,78.4099824,331,21525.00
"BLUE1",17.4298020,78.4098087,332,21544.00
"BLUE1",17.4298506,78.4096867,333,21558.00
"BLUE1",17.4299133,78.4095485,334,21574.00
"BLUE1",17.4300604,78.4093018,335,21605.00
"BLUE1",17.4306371,78.4083638,336,21723.00
"BLUE1",17.4310572,78.4076804,337,21810.00
"BLUE1",17.4311608,78.4075235,338,21830.00
"BLUE1",17.4312453,78.4074242,339,21844.00
"BLUE1",17.4313527,78.4073223,340,21860.00
"BLUE1",17.4314634,78.4072365,341,21875.00
"BLUE1",17.4316099,78.4071567,342,21894.00
"BLUE1",17.4317532,78.4071037,343,21911.00
"BLUE1",17.4319106,78.4070662,344,21929.00
"BLUE1",17.4322663,78.4070072,345,21969.00
"BLUE1",17.4323725,78.4069723,346,21981.00
"BLUE1",17.4325120,78.4069066,347,21998.00
"BLUE1",17.4326757,78.4067926,348,22020.00
"BLUE1",17.4328075,78.4066638,349,22040.00
"BLUE1",17.4329099,78.4065351,350,22058.00
"BLUE1",17.4330609,78.4062816,351,22089.00
"BLUE1",17.4338977,78.4048178,352,22270.00
"BLUE1",17.4340077,78.4045824,353,22298.00
"BLUE1",17.4341024,78.4043397,354,22326.00
"BLUE1",17.4342815,78.4038401,355,22383.00
"BLUE1",17.4343644,78.4036413,356,22406.00
"BLUE1",17.4344709,78.4034170,357,22432.00
"BLUE1",17.4346219,78.4031394,358,22466.00
"BLUE1",17.4347229,78.4029718,359,22487.00
"BLUE1",17.4348688,78.4027572,360,22515.00
"BLUE1",17.4350659,78.4024769,361,22552.00
"BLUE1",17.4351695,78.4023133,362,22573.00
"BLUE1",17.4353256,78.4020384,363,22607.00
"BLUE1",17.4354932,78.4017259,364,22645.00
"BLUE1",17.4355879,78.4015784,365,22664.00
"BLUE1",17.4356787,78.4014697,366,22679.00
"BLUE1",17.4357888,78.4013544,367,22696.00
"BLUE1",17.4359218,78.4012431,368,22715.00
"BLUE1",17.4360805,78.4011345,369,22736.00
"BLUE1",17.4368354,78.4006651,370,22834.00
"BLUE1",17.4372512,78.4004097,371,22888.00
"BLUE1",17.4380470,78.3999208,372,22990.00
"BLUE1",17.4383183,78.3997491,373,23025.00
"BLUE1",17.4384213,78.3996693,374,23040.00
"BLUE1",17.4385326,78.3995513,375,23057.00
"BLUE1",17.4386151,78.3994353,376,23073.00
"BLUE1",17.4386957,78.3992931,377,23090.00
"BLUE1",17.4387559,78.3991335,378,23108.00
"BLUE1",17.4387955,78.3989847,379,23125.00
"BLUE1",17.4388058,78.3988237,380,23142.00
"BLUE1",17.4388032,78.3986668,381,23158.00
"BLUE1",17.4387904,78.3985461,382,23171.00
"BLUE1",17.4387226,78.3982953,383,23199.00
"BLUE1",17.4386663,78.3980218,384,23229.00
"BLUE1",17.4386522,78.3978622,385,23246.00
"BLUE1",17.4386625,78.3977173,386,23261.00
"BLUE1",17.4387047,78.3975255,387,23282.00
"BLUE1",17.4388928,78.3969744,388,23344.00
"BLUE1",17.4389747,78.3967665,389,23368.00
"BLUE1",17.4390757,78.3965814,390,23391.00
"BLUE1",17.4391960,78.3964044,391,23414.00
"BLUE1",17.4393879,78.3961751,392,23446.00
"BLUE1",17.4397769,78.3957311,393,23510.00
"BLUE1",17.4398933,78.3955769,394,23531.00
"BLUE1",17.4399957,78.3954053,395,23552.00
"BLUE1",17.4400524,78.3952874,396,23566.00
"BLUE1",17.4400699,78.3952510,397,23571.00
"BLUE1",17.4401268,78.3950988,398,23588.00
"BLUE1",17.4401927,78.3948966,399,23611.00
"BLUE1",17.4403942,78.3941882,400,23689.00
"BLUE1",17.4404946,78.3939005,401,23721.00
"BLUE1",17.4406188,78.3935653,402,23760.00
"BLUE1",17.4407275,78.3932702,403,23793.00
"BLUE1",17.4408190,78.3929577,404,23828.00
"BLUE1",17.4408804,78.3926761,405,23858.00
"BLUE1",17.4409207,78.3924206,406,23886.00
"BLUE1",17.4409584,78.3920646,407,23924.00
"BLUE1",17.4410095,78.3916552,408,23968.00
"BLUE1",17.4410568,78.3913963,409,23996.00
"BLUE1",17.4412601,78.3903937,410,24104.00
"BLUE1",17.4412866,78.3901971,411,24126.00
"BLUE1",17.4413039,78.3900113,412,24145.00
"BLUE1",17.4413109,78.3890712,413,24245.00
"BLUE1",17.4413186,78.3889143,414,24262.00
"BLUE1",17.4413391,78.3887896,415,24275.00
"BLUE1",17.4413851,78.3886246,416,24293.00
"BLUE1",17.4414421,78.3884939,417,24309.00
"BLUE1",17.4414977,78.3883866,418,24322.00
"BLUE1",17.4415809,78.3882679,419,24337.00
"BLUE1",17.4416717,78.3881633,420,24352.00
"BLUE1",17.4417715,78.3880775,421,24367.00
"BLUE1",17.4418765,78.3880010,422,24381.00
"BLUE1",17.4419699,78.3879474,423,24393.00
"BLUE1",17.4422513,78.3878200,424,24427.00
"BLUE1",17.4429030,78.3875570,425,24504.00
"BLUE1",17.4435141,78.3873104,426,24577.00
"BLUE1",17.4437278,78.3872192,427,24603.00
"BLUE1",17.4438852,78.3871360,428,24622.00
"BLUE1",17.4440336,78.3870368,429,24642.00
"BLUE1",17.4441961,78.3869120,430,24664.00
"BLUE1",17.4461984,78.3851673,431,24954.00
"BLUE1",17.4464402,78.3849648,432,24988.00
"BLUE1",17.4466206,78.3848011,433,25015.00
"BLUE1",17.4468125,78.3846483,434,25042.00
"BLUE1",17.4470031,78.3845155,435,25067.00
"BLUE1",17.4471656,78.3844243,436,25088.00
"BLUE1",17.4475392,78.3842124,437,25135.00
"BLUE1",17.4477938,78.3840649,438,25167.00
"BLUE1",17.4480637,78.3838825,439,25203.00
"BLUE1",17.4482799,78.3837173,440,25233.00
"BLUE1",17.4483183,78.3836880,441,25238.00
"BLUE1",17.4489916,78.3831192,442,25334.00
"BLUE1",17.4495856,78.3826608,443,25416.00
"BLUE1",17.4496984,78.3825683,444,25432.00
"BLUE1",17.4498706,78.3824355,445,25456.00
"BLUE1",17.4499511,78.3823788,446,25467.00
"BLUE1",17.4501586,78.3822324,447,25494.00
"BLUE1",17.4505895,78.3819531,448,25551.00
"BLUE1",17.4506610,78.3819054,449,25560.00
"BLUE1",17.4507403,78.3818378,450,25572.00
"BLUE1",17.4508018,78.3817787,451,25581.00
"BLUE1",17.4508716,78.3816968,452,25592.00
"BLUE1",17.4509303,78.3816177,453,25603.00
"BLUE1",17.4509842,78.3815261,454,25614.00
"BLUE1",17.4510189,78.3814538,455,25623.00
"BLUE1",17.4510766,78.3813234,456,25638.00
"BLUE1",17.4511016,78.3812438,457,25647.00
"BLUE1",17.4511193,78.3811500,458,25657.00
"BLUE1",17.4511340,78.3810415,459,25669.00
"BLUE1",17.4511377,78.3809529,460,25678.00
"BLUE1",17.4511310,78.3808444,461,25690.00
"BLUE1",17.4511225,78.3807698,462,25698.00
"BLUE1",17.4511081,78.3806724,463,25708.00
"BLUE1",17.4510847,78.3805913,464,25717.00
"BLUE1",17.4510540,78.3804926,465,25728.00
"BLUE1",17.4510028,78.3803862,466,25741.00
"BLUE1",17.4509304,78.3802639,467,25756.00
"BLUE1",17.4507744,78.3800216,468,25787.00
"BLUE1",17.4507079,78.3799246,469,25800.00
"BLUE1",17.4506507,78.3798422,470,25811.00
"BLUE1",17.4505904,78.3797699,471,25821.00
"BLUE1",17.4505439,78.3797212,472,25828.00
"BLUE1",17.4504988,78.3796773,473,25835.00
"BLUE1",17.4504294,78.3796215,474,25845.00
"BLUE1",17.4503484,78.3795626,475,25856.00
"BLUE1",17.4502674,78.3795127,476,25866.00
"BLUE1",17.4501565,78.3794648,477,25880.00
"BLUE1",17.4500528,78.3794301,478,25892.00
"BLUE1",17.4499522,78.3794067,479,25903.00
"BLUE1",17.4497877,78.3793700,480,25922.00
"BLUE1",17.4491002,78.3792146,481,26000.00
"BLUE1",17.4489906,78.3791889,482,26013.00
"BLUE1",17.4488360,78.3791421,483,26030.00
"BLUE1",17.4486819,78.3790791,484,26049.00
"BLUE1",17.4485670,78.3790257,485,26063.00
"BLUE1",17.4484685,78.3789728,486,26075.00
"BLUE1",17.4483769,78.3789141,487,26087.00
"BLUE1",17.4482893,78.3788569,488,26099.00
"BLUE1",17.4482115,78.3788008,489,26109.00
"BLUE1",17.4481199,78.3787235,490,26122.00
"BLUE1",17.4476837,78.3783418,491,26185.00
"BLUE1",17.4475981,78.3782755,492,26197.00
"BLUE1",17.4474965,78.3782045,493,26211.00
"BLUE1",17.4474135,78.3781523,494,26221.00
"BLUE1",17.4469618,78.3778840,495,26279.00
"BLUE1",17.4464819,78.3775969,496,26341.00
"BLUE1",17.4463933,78.3775474,497,26352.00
"BLUE1",17.4462970,78.3775017,498,26364.00
"BLUE1",17.4462083,78.3774657,499,26374.00
"BLUE1",17.4460903,78.3774330,500,26388.00
"BLUE1",17.4459783,78.3774079,501,26400.00
"BLUE1",17.4457513,78.3773745,502,26426.00
"BLUE1",17.4453282,78.3773139,503,26473.00
"BLUE1",17.4451321,78.3772829,504,26495.00
"BLUE1",17.4447744,78.3772202,505,26536.00
"BLUE1",17.4446083,78.3771918,506,26554.00
"BLUE1",17.4444662,78.3771750,507,26570.00
"BLUE1",17.4443615,78.3771673,508,26582.00
"BLUE1",17.4442258,78.3771677,509,26597.00
"BLUE1",17.4436436,78.3771784,510,26662.00
"BLUE1",17.4434905,78.3771812,511,26679.00
"BLUE1",17.4421814,78.3772038,512,26824.00
"BLUE1",17.4413013,78.3772198,513,26922.00
"BLUE2",17.4412973,78.3771798,1,0.00
"BLUE2",17.4421818,78.3771643,2,98.00
"BLUE2",17.4430280,78.3771486,3,192.00
"BLUE2",17.4440966,78.3771302,4,311.00
"BLUE2",17.4442742,78.3771280,5,331.00
"BLUE2",17.4443853,78.3771309,6,343.00
"BLUE2",17.4445166,78.3771416,7,358.00
"BLUE2",17.4446603,78.3771606,8,374.00
"BLUE2",17.4448148,78.3771886,9,392.00
"BLUE2",17.4452991,78.3772675,10,446.00
"BLUE2",17.4457510,78.3773320,11,497.00
"BLUE2",17.4459334,78.3773571,12,517.00
"BLUE2",17.4460831,78.3773864,13,534.00
"BLUE2",17.4461747,78.3774126,14,545.00
"BLUE2",17.4462843,78.3774518,15,558.00
"BLUE2",17.4464049,78.3775070,16,572.00
"BLUE2",17.4470160,78.3778703,17,650.00
"BLUE2",17.4473448,78.3780679,18,693.00
"BLUE2",17.4475096,78.3781698,19,714.00
"BLUE2",17.4476123,78.3782416,20,728.00
"BLUE2",17.4477168,78.3783219,21,742.00
"BLUE2",17.4481471,78.3786986,22,804.00
"BLUE2",17.4482394,78.3787709,23,817.00
"BLUE2",17.4483430,78.3788474,24,831.00
"BLUE2",17.4484535,78.3789192,25,846.00
"BLUE2",17.4485452,78.3789695,26,857.00
"BLUE2",17.4486629,78.3790288,27,872.00
"BLUE2",17.4487952,78.3790842,28,888.00
"BLUE2",17.4489432,78.3791371,29,905.00
"BLUE2",17.4490794,78.3791691,30,920.00
"BLUE2",17.4493399,78.3792294,31,950.00
"BLUE2",17.4499513,78.3793666,32,1020.00
"BLUE2",17.4500874,78.3794006,33,1035.00
"BLUE2",17.4501935,78.3794398,34,1048.00
"BLUE2",17.4502669,78.3794746,35,1057.00
"BLUE2",17.4503513,78.3795225,36,1067.00
"BLUE2",17.4504144,78.3795607,37,1075.00
"BLUE2",17.4504831,78.3796112,38,1085.00
"BLUE2",17.4505491,78.3796719,39,1095.00
"BLUE2",17.4506140,78.3797386,40,1105.00
"BLUE2",17.4506808,78.3798206,41,1116.00
"BLUE2",17.4507439,78.3799081,42,1128.00
"BLUE2",17.4509663,78.3802499,43,1172.00
"BLUE2",17.4510306,78.3803683,44,1186.00
"BLUE2",17.4510837,78.3804747,45,1199.00
"BLUE2",17.4511195,78.3805836,46,1211.00
"BLUE2",17.4511457,78.3806928,47,1223.00
"BLUE2",17.4511661,78.3808085,48,1235.00
"BLUE2",17.4511736,78.3809154,49,1247.00
"BLUE2",17.4511734,78.3809999,50,1256.00
"BLUE2",17.4511672,78.3810882,51,1265.00
"BLUE2",17.4511478,78.3812036,52,1278.00
"BLUE2",17.4511177,78.3813136,53,1290.00
"BLUE2",17.4510809,78.3814138,54,1301.00
"BLUE2",17.4510349,78.3815177,55,1313.00
"BLUE2",17.4509878,78.3816023,56,1324.00
"BLUE2",17.4509251,78.3816926,57,1335.00
"BLUE2",17.4508510,78.3817872,58,1348.00
"BLUE2",17.4507610,78.3818744,59,1362.00
"BLUE2",17.4506772,78.3819454,60,1374.00
"BLUE2",17.4505710,78.3820173,61,1388.00
"BLUE2",17.4504058,78.3821235,62,1410.00
"BLUE2",17.4502047,78.3822566,63,1436.00
"BLUE2",17.4499654,78.3824194,64,1468.00
"BLUE2",17.4498333,78.3825122,65,1486.00
"BLUE2",17.4497269,78.3825962,66,1500.00
"BLUE2",17.4496098,78.3826931,67,1517.00
"BLUE2",17.4490132,78.3831555,68,1599.00
"BLUE2",17.4483426,78.3837135,69,1695.00
"BLUE2",17.4480841,78.3839136,70,1730.00
"BLUE2",17.4478122,78.3840972,71,1766.00
"BLUE2",17.4475564,78.3842454,72,1799.00
"BLUE2",17.4471826,78.3844575,73,1846.00
"BLUE2",17.4470216,78.3845479,74,1866.00
"BLUE2",17.4468333,78.3846790,75,1892.00
"BLUE2",17.4466432,78.3848304,76,1918.00
"BLUE2",17.4464631,78.3849937,77,1945.00
"BLUE2",17.4462211,78.3851965,78,1979.00
"BLUE2",17.4442182,78.3869418,79,2269.00
"BLUE2",17.4440539,78.3870679,80,2291.00
"BLUE2",17.4439030,78.3871688,81,2311.00
"BLUE2",17.4437427,78.3872535,82,2331.00
"BLUE2",17.4435274,78.3873454,83,2357.00
"BLUE2",17.4429159,78.3875922,84,2430.00
"BLUE2",17.4422649,78.3878549,85,2507.00
"BLUE2",17.4419856,78.3879813,86,2541.00
"BLUE2",17.4418954,78.3880331,87,2553.00
"BLUE2",17.4417932,78.3881075,88,2567.00
"BLUE2",17.4416966,78.3881907,89,2580.00
"BLUE2",17.4416087,78.3882918,90,2595.00
"BLUE2",17.4415281,78.3884068,91,2610.00
"BLUE2",17.4414742,78.3885107,92,2623.00
"BLUE2",17.4414189,78.3886378,93,2637.00
"BLUE2",17.4413741,78.3887981,94,2655.00
"BLUE2",17.4413544,78.3889185,95,2668.00
"BLUE2",17.4413469,78.3890723,96,2684.00
"BLUE2",17.4413398,78.3900133,97,2784.00
"BLUE2",17.4413223,78.3902016,98,2804.00
"BLUE2",17.4412955,78.3904003,99,2826.00
"BLUE2",17.4410919,78.3914041,100,2935.00
"BLUE2",17.4410450,78.3916612,101,2962.00
"BLUE2",17.4409941,78.3920691,102,3006.00
"BLUE2",17.4409563,78.3924258,103,3044.00
"BLUE2",17.4409157,78.3926834,104,3072.00
"BLUE2",17.4408537,78.3929675,105,3103.00
"BLUE2",17.4407615,78.3932825,106,3138.00
"BLUE2",17.4406523,78.3935789,107,3171.00
"BLUE2",17.4405283,78.3939138,108,3209.00
"BLUE2",17.4404283,78.3942001,109,3242.00
"BLUE2",17.4402269,78.3949081,110,3320.00
"BLUE2",17.4401605,78.3951118,111,3343.00
"BLUE2",17.4401027,78.3952664,112,3361.00
"BLUE2",17.4400270,78.3954238,113,3379.00
"BLUE2",17.4399227,78.3955987,114,3401.00
"BLUE2",17.4398042,78.3957556,115,3422.00
"BLUE2",17.4394147,78.3962002,116,3486.00
"BLUE2",17.4392242,78.3964278,117,3518.00
"BLUE2",17.4391060,78.3966017,118,3541.00
"BLUE2",17.4390070,78.3967831,119,3563.00
"BLUE2",17.4389263,78.3969879,120,3587.00
"BLUE2",17.4387392,78.3975362,121,3649.00
"BLUE2",17.4386981,78.3977230,122,3669.00
"BLUE2",17.4386883,78.3978618,123,3684.00
"BLUE2",17.4387019,78.3980160,124,3700.00
"BLUE2",17.4387575,78.3982862,125,3729.00
"BLUE2",17.4388258,78.3985389,126,3757.00
"BLUE2",17.4388391,78.3986644,127,3771.00
"BLUE2",17.4388417,78.3988247,128,3788.00
"BLUE2",17.4388311,78.3989911,129,3805.00
"BLUE2",17.4387900,78.3991455,130,3822.00
"BLUE2",17.4387281,78.3993098,131,3841.00
"BLUE2",17.4386451,78.3994562,132,3859.00
"BLUE2",17.4385599,78.3995759,133,3875.00
"BLUE2",17.4384449,78.3996979,134,3893.00
"BLUE2",17.4383383,78.3997804,135,3908.00
"BLUE2",17.4380654,78.3999531,136,3943.00
"BLUE2",17.4372693,78.4004421,137,4046.00
"BLUE2",17.4368536,78.4006975,138,4100.00
"BLUE2",17.4360995,78.4011664,139,4197.00
"BLUE2",17.4359429,78.4012736,140,4218.00
"BLUE2",17.4358127,78.4013825,141,4236.00
"BLUE2",17.4357050,78.4014955,142,4253.00
"BLUE2",17.4356164,78.4016014,143,4268.00
"BLUE2",17.4355238,78.4017457,144,4287.00
"BLUE2",17.4353567,78.4020572,145,4325.00
"BLUE2",17.4351999,78.4023333,146,4359.00
"BLUE2",17.4350953,78.4024985,147,4380.00
"BLUE2",17.4348979,78.4027793,148,4417.00
"BLUE2",17.4347528,78.4029928,149,4445.00
"BLUE2",17.4346527,78.4031588,150,4465.00
"BLUE2",17.4345026,78.4034348,151,4499.00
"BLUE2",17.4343969,78.4036573,152,4526.00
"BLUE2",17.4343148,78.4038543,153,4548.00
"BLUE2",17.4341358,78.4043535,154,4605.00
"BLUE2",17.4340405,78.4045979,155,4633.00
"BLUE2",17.4339293,78.4048358,156,4661.00
"BLUE2",17.4330915,78.4063013,157,4842.00
"BLUE2",17.4329391,78.4065572,158,4874.00
"BLUE2",17.4328337,78.4066898,159,4893.00
"BLUE2",17.4326981,78.4068222,160,4913.00
"BLUE2",17.4325294,78.4069397,161,4936.00
"BLUE2",17.4323853,78.4070076,162,4953.00
"BLUE2",17.4322745,78.4070439,163,4966.00
"BLUE2",17.4319174,78.4071032,164,5006.00
"BLUE2",17.4317632,78.4071400,165,5024.00
"BLUE2",17.4316242,78.4071913,166,5040.00
"BLUE2",17.4314825,78.4072685,167,5058.00
"BLUE2",17.4313755,78.4073515,168,5073.00
"BLUE2",17.4312708,78.4074508,169,5089.00
"BLUE2",17.4311891,78.4075468,170,5102.00
"BLUE2",17.4310867,78.4077018,171,5122.00
"BLUE2",17.4306677,78.4083833,172,5208.00
"BLUE2",17.4300909,78.4093217,173,5327.00
"BLUE2",17.4299448,78.4095667,174,5357.00
"BLUE2",17.4298834,78.4097020,175,5373.00
"BLUE2",17.4298362,78.4098204,176,5387.00
"BLUE2",17.4297980,78.4099876,177,5405.00
"BLUE2",17.4297919,78.4101370,178,5421.00
"BLUE2",17.4298074,78.4103142,179,5440.00
"BLUE2",17.4298390,78.4104525,180,5455.00
"BLUE2",17.4298728,78.4105534,181,5466.00
"BLUE2",17.4300163,78.4109390,182,5510.00
"BLUE2",17.4300559,78.4110745,183,5525.00
"BLUE2",17.4300758,78.4112186,184,5541.00
"BLUE2",17.4300836,78.4113856,185,5558.00
"BLUE2",17.4300691,78.4115310,186,5574.00
"BLUE2",17.4300387,78.4116915,187,5591.00
"BLUE2",17.4299896,78.4118237,188,5606.00
"BLUE2",17.4299108,78.4119876,189,5626.00
"BLUE2",17.4298169,78.4121220,190,5643.00
"BLUE2",17.4296930,78.4122615,191,5664.00
"BLUE2",17.4293756,78.4125680,192,5712.00
"BLUE2",17.4288975,78.4130476,193,5785.00
"BLUE2",17.4282348,78.4137054,194,5887.00
"BLUE2",17.4275896,78.4143457,195,5986.00
"BLUE2",17.4274057,78.4145314,196,6014.00
"BLUE2",17.4273030,78.4146535,197,6031.00
"BLUE2",17.4272262,78.4147651,198,6046.00
"BLUE2",17.4271618,78.4148950,199,6061.00
"BLUE2",17.4271097,78.4150353,200,6077.00
"BLUE2",17.4270737,78.4152035,201,6096.00
"BLUE2",17.4270575,78.4153599,202,6112.00
"BLUE2",17.4270599,78.4155108,203,6128.00
"BLUE2",17.4270909,78.4156600,204,6145.00
"BLUE2",17.4271371,78.4158223,205,6162.00
"BLUE2",17.4272027,78.4159714,206,6180.00
"BLUE2",17.4272932,78.4161131,207,6198.00
"BLUE2",17.4274144,78.4162585,208,6218.00
"BLUE2",17.4276532,78.4164843,209,6254.00
"BLUE2",17.4305499,78.4192983,210,6693.00
"BLUE2",17.4307928,78.4195638,211,6732.00
"BLUE2",17.4309465,78.4198492,212,6767.00
"BLUE2",17.4309602,78.4200675,213,6790.00
"BLUE2",17.4309339,78.4203600,214,6822.00
"BLUE2",17.4308457,78.4206780,215,6857.00
"BLUE2",17.4307768,78.4209293,216,6884.00
"BLUE2",17.4306947,78.4212737,217,6922.00
"BLUE2",17.4300702,78.4232137,218,7139.00
"BLUE2",17.4298243,78.4240104,219,7228.00
"BLUE2",17.4297373,78.4243063,220,7261.00
"BLUE2",17.4297507,78.4245314,221,7285.00
"BLUE2",17.4297877,78.4247635,222,7310.00
"BLUE2",17.4298723,78.4249760,223,7334.00
"BLUE2",17.4299476,78.4251387,224,7354.00
"BLUE2",17.4321303,78.4261034,225,7617.00
"BLUE2",17.4351156,78.4273014,226,7972.00
"BLUE2",17.4357120,78.4275408,227,8043.00
"BLUE2",17.4359551,78.4276498,228,8073.00
"BLUE2",17.4361214,78.4277554,229,8094.00
"BLUE2",17.4362494,78.4278573,230,8112.00
"BLUE2",17.4363556,78.4279844,231,8130.00
"BLUE2",17.4364407,78.4281101,232,8147.00
"BLUE2",17.4365181,78.4282824,233,8167.00
"BLUE2",17.4365673,78.4284427,234,8185.00
"BLUE2",17.4366003,78.4286398,235,8206.00
"BLUE2",17.4366096,78.4288035,236,8223.00
"BLUE2",17.4365955,78.4289389,237,8238.00
"BLUE2",17.4365539,78.4291253,238,8258.00
"BLUE2",17.4365090,78.4292619,239,8273.00
"BLUE2",17.4361061,78.4304859,240,8411.00
"BLUE2",17.4360191,78.4307715,241,8442.00
"BLUE2",17.4359960,78.4309016,242,8457.00
"BLUE2",17.4359820,78.4310397,243,8471.00
"BLUE2",17.4359845,78.4312101,244,8489.00
"BLUE2",17.4360101,78.4313603,245,8506.00
"BLUE2",17.4360447,78.4315024,246,8521.00
"BLUE2",17.4361138,78.4316473,247,8538.00
"BLUE2",17.4362059,78.4317908,248,8557.00
"BLUE2",17.4364055,78.4320697,249,8594.00
"BLUE2",17.4364797,78.4322146,250,8611.00
"BLUE2",17.4365373,78.4323728,251,8629.00
"BLUE2",17.4365744,78.4325297,252,8646.00
"BLUE2",17.4365884,78.4326960,253,8664.00
"BLUE2",17.4365795,78.4329347,254,8689.00
"BLUE2",17.4365360,78.4336509,255,8765.00
"BLUE2",17.4364669,78.4348163,256,8889.00
"BLUE2",17.4364490,78.4350201,257,8911.00
"BLUE2",17.4364132,78.4353192,258,8943.00
"BLUE2",17.4363607,78.4356599,259,8980.00
"BLUE2",17.4362078,78.4366248,260,9083.00
"BLUE2",17.4361528,78.4371062,261,9135.00
"BLUE2",17.4361246,78.4374603,262,9172.00
"BLUE2",17.4361221,78.4376232,263,9190.00
"BLUE2",17.4361368,78.4377748,264,9206.00
"BLUE2",17.4361713,78.4379216,265,9222.00
"BLUE2",17.4362126,78.4380333,266,9235.00
"BLUE2",17.4362993,78.4382006,267,9255.00
"BLUE2",17.4363991,78.4383481,268,9274.00
"BLUE2",17.4364963,78.4384745,269,9291.00
"BLUE2",17.4369785,78.4390865,270,9375.00
"BLUE2",17.4375176,78.4397708,271,9470.00
"BLUE2",17.4375960,78.4399105,272,9487.00
"BLUE2",17.4376469,78.4400355,273,9501.00
"BLUE2",17.4376849,78.4402018,274,9519.00
"BLUE2",17.4376926,78.4402590,275,9525.00
"BLUE2",17.4377041,78.4403450,276,9535.00
"BLUE2",17.4377080,78.4405100,277,9552.00
"BLUE2",17.4376869,78.4406628,278,9569.00
"BLUE2",17.4376536,78.4408070,279,9584.00
"BLUE2",17.4374665,78.4415270,280,9663.00
"BLUE2",17.4370260,78.4431991,281,9847.00
"BLUE2",17.4369501,78.4434047,282,9871.00
"BLUE2",17.4367948,78.4436226,283,9900.00
"BLUE2",17.4366839,78.4437388,284,9917.00
"BLUE2",17.4365184,78.4438727,285,9940.00
"BLUE2",17.4361729,78.4441066,286,9986.00
"BLUE2",17.4361047,78.4441528,287,9995.00
"BLUE2",17.4353528,78.4446353,288,10093.00
"BLUE2",17.4349532,78.4448917,289,10145.00
"BLUE2",17.4346129,78.4451226,290,10190.00
"BLUE2",17.4344880,78.4452379,291,10209.00
"BLUE2",17.4344025,78.4453399,292,10223.00
"BLUE2",17.4343389,78.4454338,293,10235.00
"BLUE2",17.4342434,78.4456150,294,10257.00
"BLUE2",17.4341952,78.4457568,295,10273.00
"BLUE2",17.4341738,78.4458556,296,10284.00
"BLUE2",17.4341639,78.4459628,297,10296.00
"BLUE2",17.4341626,78.4461195,298,10312.00
"BLUE2",17.4341689,78.4462328,299,10324.00
"BLUE2",17.4341849,78.4463284,300,10335.00
"BLUE2",17.4342162,78.4464557,301,10348.00
"BLUE2",17.4343146,78.4467571,302,10382.00
"BLUE2",17.4343598,78.4469276,303,10401.00
"BLUE2",17.4343950,78.4470766,304,10417.00
"BLUE2",17.4344133,78.4472382,305,10435.00
"BLUE2",17.4344299,78.4475055,306,10463.00
"BLUE2",17.4344644,78.4478868,307,10504.00
"BLUE2",17.4345114,78.4483197,308,10550.00
"BLUE2",17.4345905,78.4489736,309,10620.00
"BLUE2",17.4346908,78.4495406,310,10681.00
"BLUE2",17.4349047,78.4503619,311,10771.00
"BLUE2",17.4349490,78.4505812,312,10795.00
"BLUE2",17.4349824,78.4508299,313,10822.00
"BLUE2",17.4350275,78.4511258,314,10854.00
"BLUE2",17.4350667,78.4512849,315,10871.00
"BLUE2",17.4351224,78.4514213,316,10887.00
"BLUE2",17.4351844,78.4515369,317,10901.00
"BLUE2",17.4352528,78.4516346,318,10914.00
"BLUE2",17.4353184,78.4517164,319,10925.00
"BLUE2",17.4353966,78.4517931,320,10937.00
"BLUE2",17.4355378,78.4519142,321,10957.00
"BLUE2",17.4356772,78.4520362,322,10977.00
"BLUE2",17.4357633,78.4521237,323,10991.00
"BLUE2",17.4358532,78.4522491,324,11007.00
"BLUE2",17.4359069,78.4523443,325,11019.00
"BLUE2",17.4359717,78.4524877,326,11036.00
"BLUE2",17.4360144,78.4526131,327,11050.00
"BLUE2",17.4360391,78.4527138,328,11061.00
"BLUE2",17.4360524,78.4528301,329,11073.00
"BLUE2",17.4360544,78.4529400,330,11085.00
"BLUE2",17.4360524,78.4530371,331,11095.00
"BLUE2",17.4360397,78.4531246,332,11105.00
"BLUE2",17.4360163,78.4532347,333,11117.00
"BLUE2",17.4359358,78.4534880,334,11145.00
"BLUE2",17.4355078,78.4546158,335,11274.00
"BLUE2",17.4354571,78.4547791,336,11292.00
"BLUE2",17.4354311,78.4549315,337,11309.00
"BLUE2",17.4354249,78.4551149,338,11328.00
"BLUE2",17.4354398,78.4552863,339,11346.00
"BLUE2",17.4354828,78.4554545,340,11365.00
"BLUE2",17.4355438,78.4556003,341,11382.00
"BLUE2",17.4356259,78.4557457,342,11400.00
"BLUE2",17.4357149,78.4558644,343,11416.00
"BLUE2",17.4357863,78.4559431,344,11427.00
"BLUE2",17.4358828,78.4560248,345,11441.00
"BLUE2",17.4359950,78.4561006,346,11456.00
"BLUE2",17.4362444,78.4562380,347,11487.00
"BLUE2",17.4364861,78.4563732,348,11517.00
"BLUE2",17.4375841,78.4569060,349,11652.00
"BLUE2",17.4380710,78.4571420,350,11712.00
"BLUE2",17.4384785,78.4573038,351,11760.00
"BLUE2",17.4416486,78.4580554,352,12122.00
"BLUE2",17.4419826,78.4582063,353,12162.00
"BLUE2",17.4440982,78.4609511,354,12536.00
"BLUE2",17.4444913,78.4618675,355,12643.00
"BLUE2",17.4447921,78.4628113,356,12748.00
"BLUE2",17.4449393,78.4633834,357,12811.00
"BLUE2",17.4451011,78.4641287,358,12892.00
"BLUE2",17.4451281,78.4646045,359,12943.00
"BLUE2",17.4449044,78.4658790,360,13080.00
"BLUE2",17.4448060,78.4664497,361,13142.00
"BLUE2",17.4447608,78.4667526,362,13174.00
"BLUE2",17.4447605,78.4671272,363,13214.00
"BLUE2",17.4447726,78.4675378,364,13258.00
"BLUE2",17.4442963,78.4708578,365,13614.00
"BLUE2",17.4442796,78.4729295,366,13834.00
"BLUE2",17.4436727,78.4757068,367,14136.00
"BLUE2",17.4436571,78.4760603,368,14173.00
"BLUE2",17.4436380,78.4764095,369,14211.00
"BLUE2",17.4435105,78.4791487,370,14502.00
"BLUE2",17.4435051,78.4794982,371,14539.00
"BLUE2",17.4435078,78.4806343,372,14659.00
"BLUE2",17.4434747,78.4824773,373,14855.00
"BLUE2",17.4434871,78.4827282,374,14881.00
"BLUE2",17.4435845,78.4834131,375,14955.00
"BLUE2",17.4435898,78.4836986,376,14985.00
"BLUE2",17.4435010,78.4855495,377,15182.00
"BLUE2",17.4434911,78.4862461,378,15256.00
"BLUE2",17.4434082,78.4905747,379,15715.00
"BLUE2",17.4433007,78.4954347,380,16231.00
"BLUE2",17.4432188,78.4974710,381,16447.00
"BLUE2",17.4430957,78.5001905,382,16736.00
"BLUE2",17.4430671,78.5004733,383,16766.00
"BLUE2",17.4430207,78.5007234,384,16793.00
"BLUE2",17.4428856,78.5013943,385,16865.00
"BLUE2",17.4428514,78.5017178,386,16900.00
"BLUE2",17.4428362,78.5020583,387,16936.00
"BLUE2",17.4428186,78.5035216,388,17091.00
"BLUE2",17.4428026,78.5037588,389,17117.00
"BLUE2",17.4427632,78.5039980,390,17142.00
"BLUE2",17.4427080,78.5041991,391,17165.00
"BLUE2",17.4426183,78.5044480,392,17193.00
"BLUE2",17.4424513,78.5047285,393,17228.00
"BLUE2",17.4422871,78.5049784,394,17260.00
"BLUE2",17.4421176,78.5051782,395,17288.00
"BLUE2",17.4419204,78.5053376,396,17316.00
"BLUE2",17.4417452,78.5054195,397,17337.00
"BLUE2",17.4416109,78.5054639,398,17353.00
"BLUE2",17.4414201,78.5055117,399,17375.00
"BLUE2",17.4412304,78.5055425,400,17396.00
"BLUE2",17.4410080,78.5055284,401,17421.00
"BLUE2",17.4406266,78.5054443,402,17464.00
"BLUE2",17.4382746,78.5048079,403,17735.00
"BLUE2",17.4380874,78.5047723,404,17756.00
"BLUE2",17.4379161,78.5047671,405,17775.00
"BLUE2",17.4377295,78.5047878,406,17796.00
"BLUE2",17.4375232,78.5048453,407,17819.00
"BLUE2",17.4370476,78.5050655,408,17877.00
"BLUE2",17.4367959,78.5051743,409,17907.00
"BLUE2",17.4363705,78.5053013,410,17957.00
"BLUE2",17.4357255,78.5054889,411,18031.00
"BLUE2",17.4350387,78.5056933,412,18110.00
"BLUE2",17.4346875,78.5057793,413,18151.00
"BLUE2",17.4343337,78.5058754,414,18191.00
"BLUE2",17.4338560,78.5060282,415,18247.00
"BLUE2",17.4337509,78.5060942,416,18260.00
"BLUE2",17.4336730,78.5061591,417,18271.00
"BLUE2",17.4335998,78.5062282,418,18282.00
"BLUE2",17.4335262,78.5063167,419,18295.00
"BLUE2",17.4334638,78.5064106,420,18307.00
"BLUE2",17.4334020,78.5065188,421,18320.00
"BLUE2",17.4333540,78.5066321,422,18333.00
"BLUE2",17.4333181,78.5067408,423,18346.00
"BLUE2",17.4332901,78.5068741,424,18360.00
"BLUE2",17.4332743,78.5070298,425,18377.00
"BLUE2",17.4332761,78.5071261,426,18387.00
"BLUE2",17.4333454,78.5081562,427,18497.00
"BLUE2",17.4334075,78.5090632,428,18593.00
"BLUE2",17.4335494,78.5101256,429,18707.00
"BLUE2",17.4339343,78.5109538,430,18805.00
"BLUE2",17.4347141,78.5125563,431,18995.00
"BLUE2",17.4350208,78.5135861,432,19110.00
"BLUE2",17.4356522,78.5149410,433,19270.00
"BLUE2",17.4369151,78.5167889,434,19511.00
"BLUE2",17.4370015,78.5170784,435,19543.00
"BLUE2",17.4369287,78.5178229,436,19622.00
"BLUE2",17.4364498,78.5185349,437,19715.00
"BLUE2",17.4355442,78.5195963,438,19866.00
"BLUE2",17.4336690,78.5217180,439,20173.00
"BLUE2",17.4319232,78.5237628,440,20464.00
"BLUE2",17.4306180,78.5252533,441,20679.00
"BLUE2",17.4303477,78.5255425,442,20721.00
"BLUE2",17.4292541,78.5267113,443,20895.00
"BLUE2",17.4290368,78.5269876,444,20933.00
"BLUE2",17.4288851,78.5272377,445,20965.00
"BLUE2",17.4283192,78.5284576,446,21108.00
"BLUE2",17.4278307,78.5294733,447,21229.00
"BLUE2",17.4277213,78.5296490,448,21251.00
"BLUE2",17.4270911,78.5304791,449,21364.00
"BLUE2",17.4264258,78.5312831,450,21477.00
"BLUE2",17.4261047,78.5317209,451,21535.00
"BLUE2",17.4256455,78.5325858,452,21640.00
"BLUE2",17.4253898,78.5331302,453,21705.00
"BLUE2",17.4252478,78.5335354,454,21751.00
"BLUE2",17.4248488,78.5356262,455,21977.00
"BLUE2",17.4246876,78.5359874,456,22019.00
"BLUE2",17.4244527,78.5363291,457,22064.00
"BLUE2",17.4237477,78.5370339,458,22172.00
"BLUE2",17.4223562,78.5382474,459,22373.00
"BLUE2",17.4213649,78.5396054,460,22555.00
"BLUE2",17.4210354,78.5400125,461,22612.00
"BLUE2",17.4201948,78.5405720,462,22722.00
"BLUE2",17.4193812,78.5412044,463,22835.00
"BLUE2",17.4190360,78.5415974,464,22892.00
"BLUE2",17.4186697,78.5419884,465,22950.00
"BLUE2",17.4185613,78.5421187,466,22968.00
"BLUE2",17.4175689,78.5432502,467,23131.00
"BLUE2",17.4148457,78.5463534,468,23578.00
"BLUE2",17.4144331,78.5468105,469,23645.00
"BLUE2",17.4140790,78.5471852,470,23701.00
"BLUE2",17.4120006,78.5494483,471,24034.00
"BLUE2",17.4100882,78.5515725,472,24344.00
"BLUE2",17.4090833,78.5526730,473,24506.00
"BLUE2",17.4086452,78.5531376,474,24575.00
"BLUE2",17.4084647,78.5533179,475,24603.00
"BLUE2",17.4074150,78.5542726,476,24757.00
"BLUE2",17.4033072,78.5579546,477,25358.00
"BLUE2",17.4030722,78.5581956,478,25395.00
"BLUE2",17.4029663,78.5583248,479,25413.00
"BLUE2",17.4028263,78.5585525,480,25442.00
"BLUE2",17.4025456,78.5591196,481,25510.00
"BLUE2",17.4024542,78.5593065,482,25532.00
"BLUE2",17.4023527,78.5594827,483,25554.00
"BLUE2",17.4022266,78.5596452,484,25576.00
"BLUE2",17.4020840,78.5597963,485,25599.00
"BLUE2",17.4019285,78.5599272,486,25621.00
"BLUE2",17.4017267,78.5600691,487,25648.00
"BLUE2",17.4016670,78.5601055,488,25655.00
"BLUE2",17.4013565,78.5602129,489,25692.00
"BLUE2",17.4009694,78.5602732,490,25735.00
"BLUE2",17.4006295,78.5602744,491,25773.00
"BLUE2",17.4000599,78.5602460,492,25836.00
"BLUE2",17.3993608,78.5601961,493,25914.00
"BLUE2",17.3990640,78.5601754,494,25947.00
"BLUE2",17.3986097,78.5601217,495,25998.00
"BLUE2",17.3980655,78.5599936,496,26060.00
"BLUE2",17.3956800,78.5593790,497,26333.00
"BLUE2",17.3952897,78.5593100,498,26378.00
"BLUE2",17.3948276,78.5592609,499,26429.00
"BLUE2",17.3914923,78.5588905,500,26802.00
"BLUE2",17.3905436,78.5588274,501,26908.00
"BLUE2",17.3902349,78.5588069,502,26942.00
"GREEN1",17.3747334,78.4836909,1,0.00
"GREEN1",17.3750497,78.4839284,2,43.00
"GREEN1",17.3753999,78.4841980,3,92.00
"GREEN1",17.3756842,78.4844146,4,131.00
"GREEN1",17.3760372,78.4846825,5,179.00
"GREEN1",17.3767031,78.4851942,6,271.00
"GREEN1",17.3767628,78.4852436,7,279.00
"GREEN1",17.3768850,78.4853351,8,296.00
"GREEN1",17.3769665,78.4854016,9,308.00
"GREEN1",17.3770430,78.4854669,10,319.00
"GREEN1",17.3771152,78.4855311,11,329.00
"GREEN1",17.3771978,78.4856111,12,342.00
"GREEN1",17.3775522,78.4859884,13,398.00
"GREEN1",17.3776188,78.4860552,14,408.00
"GREEN1",17.3776655,78.4860922,15,415.00
"GREEN1",17.3777373,78.4861443,16,424.00
"GREEN1",17.3777982,78.4861818,17,432.00
"GREEN1",17.3778618,78.4862143,18,440.00
"GREEN1",17.3779443,78.4862499,19,450.00
"GREEN1",17.3780069,78.4862738,20,457.00
"GREEN1",17.3781143,78.4863022,21,470.00
"GREEN1",17.3782146,78.4863206,22,481.00
"GREEN1",17.3782902,78.4863281,23,489.00
"GREEN1",17.3783940,78.4863287,24,501.00
"GREEN1",17.3784945,78.4863208,25,512.00
"GREEN1",17.3786149,78.4862972,26,526.00
"GREEN1",17.3787127,78.4862685,27,537.00
"GREEN1",17.3788113,78.4862309,28,549.00
"GREEN1",17.3789219,78.4861772,29,562.00
"GREEN1",17.3790267,78.4861229,30,575.00
"GREEN1",17.3795945,78.4858221,31,646.00
"GREEN1",17.3802683,78.4854651,32,730.00
"GREEN1",17.3803632,78.4854143,33,742.00
"GREEN1",17.3804434,78.4853644,34,752.00
"GREEN1",17.3804993,78.4853250,35,760.00
"GREEN1",17.3805858,78.4852547,36,772.00
"GREEN1",17.3806544,78.4851857,37,782.00
"GREEN1",17.3807142,78.4851140,38,793.00
"GREEN1",17.3807608,78.4850539,39,801.00
"GREEN1",17.3808153,78.4849622,40,812.00
"GREEN1",17.3808553,78.4848839,41,822.00
"GREEN1",17.3808902,78.4847972,42,832.00
"GREEN1",17.3809199,78.4847145,43,841.00
"GREEN1",17.3809398,78.4846448,44,849.00
"GREEN1",17.3811000,78.4840753,45,912.00
"GREEN1",17.3811544,78.4838999,46,931.00
"GREEN1",17.3811963,78.4837667,47,946.00
"GREEN1",17.3812652,78.4835684,48,969.00
"GREEN1",17.3813342,78.4833757,49,990.00
"GREEN1",17.3813736,78.4832780,50,1002.00
"GREEN1",17.3814134,78.4831951,51,1012.00
"GREEN1",17.3814567,78.4831203,52,1021.00
"GREEN1",17.3814872,78.4830770,53,1027.00
"GREEN1",17.3815443,78.4829996,54,1037.00
"GREEN1",17.3816103,78.4829207,55,1048.00
"GREEN1",17.3816820,78.4828524,56,1059.00
"GREEN1",17.3817527,78.4827968,57,1069.00
"GREEN1",17.3818191,78.4827479,58,1078.00
"GREEN1",17.3818946,78.4827023,59,1087.00
"GREEN1",17.3819923,78.4826568,60,1099.00
"GREEN1",17.3820748,78.4826247,61,1109.00
"GREEN1",17.3821459,78.4826024,62,1117.00
"GREEN1",17.3822298,78.4825834,63,1127.00
"GREEN1",17.3823189,78.4825704,64,1137.00
"GREEN1",17.3823842,78.4825658,65,1144.00
"GREEN1",17.3824768,78.4825636,66,1154.00
"GREEN1",17.3825503,78.4825693,67,1163.00
"GREEN1",17.3826246,78.4825798,68,1171.00
"GREEN1",17.3827122,78.4825998,69,1181.00
"GREEN1",17.3827555,78.4826099,70,1186.00
"GREEN1",17.3828383,78.4826413,71,1196.00
"GREEN1",17.3829294,78.4826789,72,1207.00
"GREEN1",17.3830094,78.4827208,73,1216.00
"GREEN1",17.3831019,78.4827851,74,1229.00
"GREEN1",17.3843707,78.4839162,75,1414.00
"GREEN1",17.3844647,78.4840000,76,1428.00
"GREEN1",17.3849891,78.4844674,77,1504.00
"GREEN1",17.3850806,78.4845176,78,1516.00
"GREEN1",17.3852011,78.4845883,79,1531.00
"GREEN1",17.3853118,78.4846270,80,1544.00
"GREEN1",17.3853841,78.4846765,81,1554.00
"GREEN1",17.3858267,78.4850631,82,1618.00
"GREEN1",17.3861708,78.4853690,83,1668.00
"GREEN1",17.3862802,78.4854663,84,1684.00
"GREEN1",17.3870935,78.4862189,85,1805.00
"GREEN1",17.3878272,78.4869231,86,1915.00
"GREEN1",17.3885211,78.4876620,87,2025.00
"GREEN1",17.3899321,78.4886761,88,2215.00
"GREEN1",17.3900957,78.4887894,89,2237.00
"GREEN1",17.3907432,78.4890350,90,2314.00
"GREEN1",17.3910020,78.4891332,91,2344.00
"GREEN1",17.3931980,78.4895721,92,2593.00
"GREEN1",17.3942302,78.4898955,93,2713.00
"GREEN1",17.3943710,78.4899387,94,2729.00
"GREEN1",17.3949904,78.4901288,95,2801.00
"GREEN1",17.3953340,78.4903026,96,2843.00
"GREEN1",17.3956699,78.4905526,97,2889.00
"GREEN1",17.3960981,78.4909882,98,2956.00
"GREEN1",17.3972809,78.4920955,99,3132.00
"GREEN1",17.3980970,78.4931458,100,3276.00
"GREEN1",17.3983213,78.4933203,101,3307.00
"GREEN1",17.3994541,78.4947240,102,3502.00
"GREEN1",17.4003684,78.4948742,103,3605.00
"GREEN1",17.4010397,78.4949779,104,3680.00
"GREEN1",17.4019644,78.4950759,105,3783.00
"GREEN1",17.4022928,78.4951463,106,3821.00
"GREEN1",17.4040658,78.4955262,107,4022.00
"GREEN1",17.4042035,78.4955812,108,4038.00
"GREEN1",17.4070448,78.4967721,109,4379.00
"GREEN1",17.4087366,78.4976160,110,4587.00
"GREEN1",17.4096508,78.4978026,111,4691.00
"GREEN1",17.4100495,78.4978638,112,4735.00
"GREEN1",17.4104877,78.4978911,113,4784.00
"GREEN1",17.4112900,78.4978811,114,4873.00
"GREEN1",17.4126640,78.4976758,115,5028.00
"GREEN1",17.4128112,78.4976459,116,5044.00
"GREEN1",17.4130342,78.4976366,117,5069.00
"GREEN1",17.4131368,78.4976324,118,5081.00
"GREEN1",17.4133467,78.4976186,119,5104.00
"GREEN1",17.4136564,78.4976285,120,5138.00
"GREEN1",17.4140058,78.4976955,121,5178.00
"GREEN1",17.4146071,78.4979168,122,5249.00
"GREEN1",17.4160203,78.4985735,123,5421.00
"GREEN1",17.4170133,78.4991421,124,5546.00
"GREEN1",17.4178876,78.4994715,125,5650.00
"GREEN1",17.4189814,78.4998835,126,5779.00
"GREEN1",17.4198118,78.5002752,127,5880.00
"GREEN1",17.4208214,78.5007515,128,6003.00
"GREEN1",17.4218963,78.5014274,129,6143.00
"GREEN1",17.4225231,78.5016213,130,6215.00
"GREEN1",17.4227805,78.5016616,131,6244.00
"GREEN1",17.4240372,78.5018065,132,6385.00
"GREEN1",17.4244030,78.5018454,133,6426.00
"GREEN1",17.4246315,78.5018587,134,6451.00
"GREEN1",17.4248660,78.5018679,135,6477.00
"GREEN1",17.4255216,78.5018818,136,6550.00
"GREEN1",17.4261700,78.5018933,137,6622.00
"GREEN1",17.4263713,78.5018947,138,6645.00
"GREEN1",17.4265482,78.5019041,139,6665.00
"GREEN1",17.4266730,78.5019168,140,6678.00
"GREEN1",17.4267600,78.5019241,141,6688.00
"GREEN1",17.4273817,78.5019792,142,6758.00
"GREEN1",17.4275112,78.5019961,143,6772.00
"GREEN1",17.4276221,78.5020161,144,6785.00
"GREEN1",17.4277221,78.5020388,145,6796.00
"GREEN1",17.4278201,78.5020634,146,6807.00
"GREEN1",17.4279212,78.5020904,147,6819.00
"GREEN1",17.4283022,78.5021838,148,6862.00
"GREEN1",17.4284798,78.5022301,149,6883.00
"GREEN1",17.4286521,78.5022689,150,6902.00
"GREEN1",17.4287409,78.5022805,151,6912.00
"GREEN1",17.4288073,78.5022841,152,6920.00
"GREEN1",17.4288851,78.5022846,153,6928.00
"GREEN1",17.4289761,78.5022743,154,6938.00
"GREEN1",17.4290564,78.5022608,155,6947.00
"GREEN1",17.4291677,78.5022325,156,6960.00
"GREEN1",17.4292540,78.5022022,157,6970.00
"GREEN1",17.4293367,78.5021630,158,6980.00
"GREEN1",17.4294134,78.5021201,159,6990.00
"GREEN1",17.4294833,78.5020759,160,6999.00
"GREEN1",17.4295421,78.5020295,161,7007.00
"GREEN1",17.4296093,78.5019675,162,7017.00
"GREEN1",17.4296688,78.5019106,163,7026.00
"GREEN1",17.4301903,78.5012599,164,7116.00
"GREEN1",17.4302691,78.5011603,165,7130.00
"GREEN1",17.4303330,78.5010796,166,7141.00
"GREEN1",17.4303891,78.5009943,167,7152.00
"GREEN1",17.4304355,78.5009108,168,7162.00
"GREEN1",17.4304735,78.5008341,169,7172.00
"GREEN1",17.4305067,78.5007415,170,7182.00
"GREEN1",17.4305388,78.5006266,171,7195.00
"GREEN1",17.4305588,78.5005223,172,7206.00
"GREEN1",17.4305894,78.5001182,173,7249.00
"GREEN1",17.4305985,78.5000219,174,7259.00
"GREEN1",17.4306289,78.4998929,175,7273.00
"GREEN1",17.4306553,78.4998027,176,7283.00
"GREEN1",17.4306897,78.4997091,177,7294.00
"GREEN1",17.4307507,78.4995901,178,7308.00
"GREEN1",17.4313165,78.4986095,179,7430.00
"GREEN1",17.4313714,78.4985186,180,7441.00
"GREEN1",17.4314144,78.4984528,181,7450.00
"GREEN1",17.4314594,78.4983967,182,7458.00
"GREEN1",17.4315021,78.4983462,183,7465.00
"GREEN1",17.4315742,78.4982760,184,7476.00
"GREEN1",17.4316530,78.4982111,185,7487.00
"GREEN1",17.4317279,78.4981554,186,7497.00
"GREEN1",17.4318210,78.4981024,187,7509.00
"GREEN1",17.4319154,78.4980551,188,7521.00
"GREEN1",17.4320018,78.4980254,189,7531.00
"GREEN1",17.4320963,78.4979954,190,7542.00
"GREEN1",17.4322211,78.4979737,191,7556.00
"GREEN1",17.4323338,78.4979667,192,7568.00
"GREEN1",17.4324377,78.4979649,193,7580.00
"GREEN1",17.4325412,78.4979746,194,7591.00
"GREEN1",17.4326499,78.4979962,195,7604.00
"GREEN1",17.4327701,78.4980339,196,7618.00
"GREEN1",17.4328842,78.4980833,197,7631.00
"GREEN1",17.4329769,78.4981350,198,7643.00
"GREEN1",17.4330679,78.4981987,199,7655.00
"GREEN1",17.4331647,78.4982769,200,7669.00
"GREEN1",17.4332444,78.4983621,201,7681.00
"GREEN1",17.4333177,78.4984557,202,7694.00
"GREEN1",17.4333956,78.4985811,203,7710.00
"GREEN1",17.4338339,78.4995010,204,7819.00
"GREEN1",17.4342188,78.5001147,205,7897.00
"GREEN1",17.4343928,78.5003293,206,7927.00
"GREEN1",17.4347204,78.5005438,207,7970.00
"GREEN1",17.4349456,78.5006082,208,7996.00
"GREEN1",17.4351605,78.5006243,209,8020.00
"GREEN1",17.4354062,78.5006028,210,8047.00
"GREEN1",17.4356672,78.5005170,211,8078.00
"GREEN1",17.4376960,78.4996710,212,8321.00
"GREEN1",17.4395268,78.4989629,213,8538.00
"GREEN1",17.4402755,78.4988264,214,8622.00
"GREEN1",17.4411401,78.4988417,215,8718.00
"GREEN1",17.4418271,78.4986901,216,8796.00
"GREEN1",17.4426284,78.4984807,217,8888.00
"GREEN1",17.4434152,78.4984079,218,8976.00
"GREEN1",17.4437376,78.4982064,219,9018.00
"GREEN1",17.4444074,78.4975953,220,9116.00
"GREEN1",17.4444527,78.4975530,221,9123.00
"GREEN1",17.4456572,78.4964265,222,9303.00
"GREEN1",17.4460006,78.4962662,223,9344.00
"GREEN1",17.4463005,78.4962197,224,9378.00
"GREEN1",17.4469871,78.4962633,225,9455.00
"GREEN1",17.4488218,78.4964407,226,9659.00
"GREEN2",17.4491333,78.4965520,1,0.00
"GREEN2",17.4489512,78.4965359,2,20.00
"GREEN2",17.4488147,78.4965237,3,36.00
"GREEN2",17.4470563,78.4963450,4,232.00
"GREEN2",17.4463811,78.4962715,5,307.00
"GREEN2",17.4460290,78.4963182,6,347.00
"GREEN2",17.4456987,78.4964407,7,386.00
"GREEN2",17.4445164,78.4976151,8,567.00
"GREEN2",17.4444734,78.4976579,9,574.00
"GREEN2",17.4439184,78.4981792,10,656.00
"GREEN2",17.4434213,78.4984578,11,719.00
"GREEN2",17.4426399,78.4985277,12,806.00
"GREEN2",17.4418150,78.4987342,13,901.00
"GREEN2",17.4411697,78.4988931,14,974.00
"GREEN2",17.4403983,78.4989042,15,1060.00
"GREEN2",17.4394966,78.4990368,16,1161.00
"GREEN2",17.4377151,78.4997340,17,1373.00
"GREEN2",17.4356883,78.5005791,18,1615.00
"GREEN2",17.4354184,78.5006679,19,1647.00
"GREEN2",17.4351609,78.5006904,20,1676.00
"GREEN2",17.4349350,78.5006735,21,1701.00
"GREEN2",17.4346949,78.5006048,22,1728.00
"GREEN2",17.4343512,78.5003798,23,1774.00
"GREEN2",17.4341684,78.5001543,24,1805.00
"GREEN2",17.4337798,78.4995347,25,1884.00
"GREEN2",17.4333695,78.4986153,26,1991.00
"GREEN2",17.4333268,78.4985377,27,2001.00
"GREEN2",17.4332604,78.4984470,28,2013.00
"GREEN2",17.4332016,78.4983738,29,2023.00
"GREEN2",17.4331386,78.4983097,30,2033.00
"GREEN2",17.4330635,78.4982429,31,2044.00
"GREEN2",17.4329858,78.4981902,32,2054.00
"GREEN2",17.4328907,78.4981291,33,2066.00
"GREEN2",17.4328091,78.4980923,34,2076.00
"GREEN2",17.4327205,78.4980576,35,2087.00
"GREEN2",17.4326225,78.4980309,36,2098.00
"GREEN2",17.4325201,78.4980123,37,2110.00
"GREEN2",17.4324380,78.4980043,38,2119.00
"GREEN2",17.4323540,78.4980011,39,2128.00
"GREEN2",17.4322739,78.4980066,40,2137.00
"GREEN2",17.4321907,78.4980167,41,2146.00
"GREEN2",17.4321077,78.4980330,42,2156.00
"GREEN2",17.4320042,78.4980628,43,2168.00
"GREEN2",17.4319244,78.4980969,44,2177.00
"GREEN2",17.4318244,78.4981450,45,2190.00
"GREEN2",17.4317358,78.4981954,46,2201.00
"GREEN2",17.4316589,78.4982519,47,2211.00
"GREEN2",17.4315685,78.4983330,48,2224.00
"GREEN2",17.4314979,78.4984106,49,2236.00
"GREEN2",17.4314474,78.4984760,50,2245.00
"GREEN2",17.4313951,78.4985520,51,2255.00
"GREEN2",17.4313481,78.4986308,52,2265.00
"GREEN2",17.4307807,78.4996107,53,2386.00
"GREEN2",17.4307317,78.4997152,54,2398.00
"GREEN2",17.4307017,78.4997892,55,2407.00
"GREEN2",17.4306689,78.4998908,56,2418.00
"GREEN2",17.4306452,78.4999881,57,2429.00
"GREEN2",17.4306308,78.5000710,58,2438.00
"GREEN2",17.4306224,78.5001503,59,2446.00
"GREEN2",17.4306040,78.5004314,60,2476.00
"GREEN2",17.4305914,78.5005551,61,2490.00
"GREEN2",17.4305755,78.5006519,62,2500.00
"GREEN2",17.4305580,78.5007180,63,2507.00
"GREEN2",17.4305188,78.5008237,64,2519.00
"GREEN2",17.4304695,78.5009308,65,2532.00
"GREEN2",17.4304250,78.5010138,66,2542.00
"GREEN2",17.4303720,78.5010907,67,2552.00
"GREEN2",17.4303014,78.5011848,68,2565.00
"GREEN2",17.4302151,78.5012864,69,2579.00
"GREEN2",17.4296620,78.5019746,70,2675.00
"GREEN2",17.4295970,78.5020382,71,2685.00
"GREEN2",17.4295311,78.5020885,72,2694.00
"GREEN2",17.4294559,78.5021398,73,2704.00
"GREEN2",17.4293814,78.5021838,74,2713.00
"GREEN2",17.4293091,78.5022201,75,2722.00
"GREEN2",17.4292375,78.5022484,76,2731.00
"GREEN2",17.4291438,78.5022796,77,2741.00
"GREEN2",17.4290816,78.5022945,78,2749.00
"GREEN2",17.4290162,78.5023072,79,2756.00
"GREEN2",17.4289161,78.5023205,80,2767.00
"GREEN2",17.4288344,78.5023227,81,2776.00
"GREEN2",17.4287460,78.5023185,82,2786.00
"GREEN2",17.4286424,78.5023060,83,2798.00
"GREEN2",17.4285514,78.5022851,84,2808.00
"GREEN2",17.4284655,78.5022670,85,2818.00
"GREEN2",17.4283392,78.5022343,86,2832.00
"GREEN2",17.4281025,78.5021775,87,2859.00
"GREEN2",17.4280157,78.5021527,88,2869.00
"GREEN2",17.4278717,78.5021179,89,2886.00
"GREEN2",17.4277300,78.5020820,90,2902.00
"GREEN2",17.4276195,78.5020567,91,2914.00
"GREEN2",17.4275056,78.5020367,92,2927.00
"GREEN2",17.4273962,78.5020213,93,2940.00
"GREEN2",17.4273039,78.5020130,94,2950.00
"GREEN2",17.4267529,78.5019632,95,3011.00
"GREEN2",17.4266643,78.5019550,96,3021.00
"GREEN2",17.4265401,78.5019437,97,3035.00
"GREEN2",17.4263784,78.5019384,98,3053.00
"GREEN2",17.4261670,78.5019339,99,3077.00
"GREEN2",17.4255191,78.5019187,100,3149.00
"GREEN2",17.4248623,78.5019052,101,3222.00
"GREEN2",17.4245809,78.5018980,102,3253.00
"GREEN2",17.4244058,78.5018858,103,3273.00
"GREEN2",17.4239961,78.5018441,104,3318.00
"GREEN2",17.4234444,78.5017801,105,3380.00
"GREEN2",17.4231283,78.5017437,106,3415.00
"GREEN2",17.4227735,78.5017016,107,3455.00
"GREEN2",17.4225265,78.5016607,108,3483.00
"GREEN2",17.4218685,78.5014868,109,3558.00
"GREEN2",17.4218275,78.5014610,110,3564.00
"GREEN2",17.4207922,78.5008100,111,3698.00
"GREEN2",17.4197860,78.5003353,112,3821.00
"GREEN2",17.4189578,78.4999446,113,3922.00
"GREEN2",17.4178644,78.4995327,114,4051.00
"GREEN2",17.4169874,78.4992024,115,4154.00
"GREEN2",17.4159924,78.4986326,116,4281.00
"GREEN2",17.4145839,78.4979781,117,4452.00
"GREEN2",17.4140527,78.4977722,118,4515.00
"GREEN2",17.4136506,78.4976944,119,4560.00
"GREEN2",17.4133565,78.4976939,120,4593.00
"GREEN2",17.4130382,78.4977024,121,4628.00
"GREEN2",17.4126721,78.4977412,122,4669.00
"GREEN2",17.4112992,78.4979680,123,4824.00
"GREEN2",17.4104980,78.4979501,124,4913.00
"GREEN2",17.4100474,78.4979246,125,4963.00
"GREEN2",17.4096534,78.4978616,126,5007.00
"GREEN2",17.4091601,78.4977608,127,5063.00
"GREEN2",17.4087348,78.4976738,128,5112.00
"GREEN2",17.4072963,78.4969683,129,5288.00
"GREEN2",17.4070193,78.4968324,130,5322.00
"GREEN2",17.4041806,78.4956426,131,5662.00
"GREEN2",17.4040482,78.4955897,132,5678.00
"GREEN2",17.4022802,78.4952109,133,5879.00
"GREEN2",17.4019549,78.4951411,134,5915.00
"GREEN2",17.4010334,78.4950435,135,6018.00
"GREEN2",17.4003567,78.4949221,136,6095.00
"GREEN2",17.3994215,78.4947846,137,6200.00
"GREEN2",17.3993887,78.4947524,138,6205.00
"GREEN2",17.3982566,78.4934298,139,6393.00
"GREEN2",17.3980511,78.4931908,140,6427.00
"GREEN2",17.3960578,78.4910392,141,6746.00
"GREEN2",17.3956456,78.4905834,142,6812.00
"GREEN2",17.3953032,78.4903272,143,6859.00
"GREEN2",17.3949827,78.4901758,144,6898.00
"GREEN2",17.3943607,78.4899760,145,6970.00
"GREEN2",17.3942059,78.4899263,146,6988.00
"GREEN2",17.3931913,78.4896169,147,7106.00
"GREEN2",17.3909848,78.4891967,148,7355.00
"GREEN2",17.3907218,78.4890970,149,7386.00
"GREEN2",17.3900673,78.4888487,150,7464.00
"GREEN2",17.3898970,78.4887308,151,7487.00
"GREEN2",17.3884805,78.4877127,152,7678.00
"GREEN2",17.3877835,78.4869705,153,7788.00
"GREEN2",17.3870515,78.4862679,154,7898.00
"GREEN2",17.3862390,78.4855161,155,8019.00
"GREEN2",17.3861301,78.4854192,156,8035.00
"GREEN2",17.3857862,78.4851135,157,8085.00
"GREEN2",17.3853466,78.4847296,158,8149.00
"GREEN2",17.3852842,78.4846868,159,8157.00
"GREEN2",17.3851756,78.4846488,160,8170.00
"GREEN2",17.3850507,78.4845755,161,8186.00
"GREEN2",17.3849605,78.4845261,162,8197.00
"GREEN2",17.3844258,78.4840519,163,8275.00
"GREEN2",17.3831092,78.4828377,164,8470.00
"GREEN2",17.3830483,78.4827933,165,8478.00
"GREEN2",17.3829950,78.4827605,166,8485.00
"GREEN2",17.3828875,78.4827054,167,8498.00
"GREEN2",17.3828061,78.4826722,168,8508.00
"GREEN2",17.3827645,78.4826607,169,8513.00
"GREEN2",17.3826997,78.4826425,170,8520.00
"GREEN2",17.3825784,78.4826165,171,8534.00
"GREEN2",17.3824830,78.4826078,172,8545.00
"GREEN2",17.3823832,78.4826067,173,8556.00
"GREEN2",17.3822617,78.4826190,174,8569.00
"GREEN2",17.3821600,78.4826406,175,8581.00
"GREEN2",17.3820697,78.4826675,176,8591.00
"GREEN2",17.3820015,78.4826949,177,8599.00
"GREEN2",17.3819131,78.4827410,178,8610.00
"GREEN2",17.3818218,78.4827930,179,8622.00
"GREEN2",17.3817409,78.4828552,180,8633.00
"GREEN2",17.3816764,78.4829117,181,8642.00
"GREEN2",17.3816164,78.4829735,182,8652.00
"GREEN2",17.3815779,78.4830190,183,8658.00
"GREEN2",17.3815286,78.4830829,184,8667.00
"GREEN2",17.3814868,78.4831451,185,8675.00
"GREEN2",17.3814469,78.4832157,186,8684.00
"GREEN2",17.3814124,78.4832830,187,8692.00
"GREEN2",17.3813749,78.4833762,188,8703.00
"GREEN2",17.3812920,78.4836036,189,8728.00
"GREEN2",17.3812080,78.4838547,190,8757.00
"GREEN2",17.3811346,78.4840963,191,8784.00
"GREEN2",17.3809767,78.4846578,192,8846.00
"GREEN2",17.3809472,78.4847588,193,8857.00
"GREEN2",17.3809107,78.4848594,194,8868.00
"GREEN2",17.3808636,78.4849579,195,8880.00
"GREEN2",17.3808010,78.4850574,196,8893.00
"GREEN2",17.3807421,78.4851419,197,8904.00
"GREEN2",17.3807109,78.4851826,198,8909.00
"GREEN2",17.3806283,78.4852666,199,8922.00
"GREEN2",17.3805616,78.4853276,200,8932.00
"GREEN2",17.3805014,78.4853746,201,8940.00
"GREEN2",17.3804306,78.4854215,202,8950.00
"GREEN2",17.3803576,78.4854630,203,8959.00
"GREEN2",17.3802836,78.4855028,204,8968.00
"GREEN2",17.3796106,78.4858581,205,9052.00
"GREEN2",17.3790431,78.4861578,206,9122.00
"GREEN2",17.3789561,78.4862041,207,9133.00
"GREEN2",17.3788331,78.4862660,208,9149.00
"GREEN2",17.3787444,78.4863019,209,9159.00
"GREEN2",17.3786377,78.4863345,210,9171.00
"GREEN2",17.3785398,78.4863551,211,9183.00
"GREEN2",17.3784555,78.4863658,212,9192.00
"GREEN2",17.3783649,78.4863691,213,9202.00
"GREEN2",17.3782703,78.4863675,214,9213.00
"GREEN2",17.3781994,78.4863582,215,9221.00
"GREEN2",17.3781220,78.4863466,216,9229.00
"GREEN2",17.3780459,78.4863257,217,9238.00
"GREEN2",17.3779459,78.4862953,218,9250.00
"GREEN2",17.3778721,78.4862626,219,9258.00
"GREEN2",17.3778053,78.4862298,220,9267.00
"GREEN2",17.3777408,78.4861931,221,9275.00
"GREEN2",17.3776685,78.4861446,222,9284.00
"GREEN2",17.3776021,78.4860919,223,9294.00
"GREEN2",17.3775415,78.4860341,224,9303.00
"GREEN2",17.3774770,78.4859684,225,9313.00
"GREEN2",17.3772212,78.4856895,226,9354.00
"GREEN2",17.3771603,78.4856252,227,9363.00
"GREEN2",17.3771052,78.4855687,228,9372.00
"GREEN2",17.3770525,78.4855208,229,9380.00
"GREEN2",17.3769902,78.4854706,230,9388.00
"GREEN2",17.3769085,78.4854017,231,9400.00
"GREEN2",17.3768446,78.4853507,232,9409.00
"GREEN2",17.3764101,78.4850164,233,9469.00
"GREEN2",17.3761464,78.4848171,234,9505.00
"GREEN2",17.3760189,78.4847183,235,9523.00
"GREEN2",17.3753731,78.4842280,236,9611.00
"GREEN2",17.3750230,78.4839567,237,9660.00
"GREEN2",17.3747115,78.4837224,238,9703.00
"RED1",17.4965552,78.3730251,1,0.00
"RED1",17.4965502,78.3736861,2,70.00
"RED1",17.4965472,78.3739415,3,97.00
"RED1",17.4965517,78.3740646,4,110.00
"RED1",17.4965673,78.3741992,5,125.00
"RED1",17.4965892,78.3743142,6,137.00
"RED1",17.4966245,78.3744466,7,152.00
"RED1",17.4966589,78.3745538,8,164.00
"RED1",17.4968942,78.3752867,9,246.00
"RED1",17.4969395,78.3754350,10,262.00
"RED1",17.4969989,78.3756511,11,286.00
"RED1",17.4970489,78.3758789,12,311.00
"RED1",17.4971956,78.3767163,13,401.00
"RED1",17.4972361,78.3769042,14,422.00
"RED1",17.4972793,78.3770719,15,440.00
"RED1",17.4973215,78.3772142,16,456.00
"RED1",17.4973749,78.3773633,17,473.00
"RED1",17.4974688,78.3775860,18,498.00
"RED1",17.4975455,78.3777509,19,518.00
"RED1",17.4976979,78.3780589,20,555.00
"RED1",17.4983580,78.3794036,21,715.00
"RED1",17.4986296,78.3799571,22,781.00
"RED1",17.4987323,78.3801644,23,806.00
"RED1",17.4988368,78.3804003,24,833.00
"RED1",17.4989110,78.3805768,25,854.00
"RED1",17.4989999,78.3808123,26,881.00
"RED1",17.4992128,78.3813956,27,947.00
"RED1",17.4993164,78.3817068,28,982.00
"RED1",17.4993734,78.3818994,29,1003.00
"RED1",17.4994292,78.3821759,30,1033.00
"RED1",17.4994563,78.3823985,31,1057.00
"RED1",17.4994701,78.3826080,32,1079.00
"RED1",17.4994738,78.3827897,33,1099.00
"RED1",17.4994662,78.3829838,34,1119.00
"RED1",17.4994437,78.3832066,35,1143.00
"RED1",17.4993029,78.3842182,36,1251.00
"RED1",17.4990829,78.3858015,37,1421.00
"RED1",17.4989209,78.3869973,38,1549.00
"RED1",17.4987631,78.3882122,39,1679.00
"RED1",17.4986724,78.3888678,40,1750.00
"RED1",17.4985864,78.3895259,41,1820.00
"RED1",17.4984873,78.3902749,42,1900.00
"RED1",17.4984382,78.3906181,43,1937.00
"RED1",17.4984084,78.3907955,44,1956.00
"RED1",17.4983614,78.3909977,45,1978.00
"RED1",17.4983071,78.3911888,46,1999.00
"RED1",17.4982412,78.3913813,47,2021.00
"RED1",17.4981784,78.3915344,48,2039.00
"RED1",17.4980873,78.3917360,49,2062.00
"RED1",17.4980062,78.3918996,50,2082.00
"RED1",17.4978861,78.3921057,51,2107.00
"RED1",17.4971514,78.3931892,52,2248.00
"RED1",17.4970650,78.3933202,53,2265.00
"RED1",17.4969771,78.3934651,54,2284.00
"RED1",17.4969011,78.3936023,55,2300.00
"RED1",17.4968229,78.3937676,56,2320.00
"RED1",17.4967563,78.3939266,57,2338.00
"RED1",17.4966994,78.3940742,58,2355.00
"RED1",17.4966484,78.3942249,59,2372.00
"RED1",17.4960501,78.3964927,60,2622.00
"RED1",17.4959606,78.3968420,61,2660.00
"RED1",17.4958624,78.3971853,62,2698.00
"RED1",17.4957858,78.3974194,63,2724.00
"RED1",17.4956933,78.3976607,64,2752.00
"RED1",17.4956157,78.3978435,65,2773.00
"RED1",17.4952530,78.3986424,66,2867.00
"RED1",17.4941038,78.4011528,67,3162.00
"RED1",17.4938191,78.4017765,68,3236.00
"RED1",17.4935494,78.4023645,69,3305.00
"RED1",17.4927395,78.4041149,70,3511.00
"RED1",17.4916908,78.4063249,71,3773.00
"RED1",17.4915546,78.4065953,72,3805.00
"RED1",17.4914864,78.4067122,73,3820.00
"RED1",17.4914000,78.4068410,74,3837.00
"RED1",17.4913110,78.4069594,75,3853.00
"RED1",17.4912014,78.4070854,76,3871.00
"RED1",17.4910852,78.4072044,77,3889.00
"RED1",17.4907409,78.4074943,78,3938.00
"RED1",17.4894764,78.4085104,79,4115.00
"RED1",17.4884715,78.4093189,80,4256.00
"RED1",17.4882831,78.4094644,81,4282.00
"RED1",17.4881859,78.4095368,82,4295.00
"RED1",17.4880758,78.4096148,83,4310.00
"RED1",17.4879058,78.4097315,84,4332.00
"RED1",17.4874675,78.4100166,85,4390.00
"RED1",17.4862750,78.4107976,86,4546.00
"RED1",17.4859410,78.4110423,87,4591.00
"RED1",17.4856900,78.4112283,88,4626.00
"RED1",17.4852053,78.4115793,89,4691.00
"RED1",17.4849303,78.4117785,90,4728.00
"RED1",17.4846288,78.4120020,91,4769.00
"RED1",17.4842100,78.4123193,92,4827.00
"RED1",17.4841129,78.4123995,93,4841.00
"RED1",17.4840381,78.4124657,94,4851.00
"RED1",17.4839729,78.4125268,95,4861.00
"RED1",17.4838364,78.4126586,96,4882.00
"RED1",17.4837508,78.4127563,97,4896.00
"RED1",17.4836211,78.4129067,98,4917.00
"RED1",17.4833993,78.4131974,99,4957.00
"RED1",17.4832823,78.4133725,100,4980.00
"RED1",17.4824586,78.4147616,101,5153.00
"RED1",17.4819715,78.4155863,102,5256.00
"RED1",17.4818660,78.4157532,103,5277.00
"RED1",17.4817629,78.4159045,104,5297.00
"RED1",17.4816526,78.4160533,105,5317.00
"RED1",17.4815348,78.4161961,106,5337.00
"RED1",17.4813844,78.4163576,107,5361.00
"RED1",17.4806383,78.4170595,108,5472.00
"RED1",17.4804688,78.4172225,109,5498.00
"RED1",17.4802972,78.4174030,110,5525.00
"RED1",17.4799189,78.4178035,111,5585.00
"RED1",17.4795742,78.4181649,112,5639.00
"RED1",17.4793158,78.4184701,113,5682.00
"RED1",17.4791635,78.4186554,114,5708.00
"RED1",17.4787461,78.4192222,115,5784.00
"RED1",17.4780028,78.4202583,116,5922.00
"RED1",17.4775503,78.4208984,117,6006.00
"RED1",17.4771946,78.4214390,118,6076.00
"RED1",17.4767602,78.4221009,119,6161.00
"RED1",17.4764792,78.4225408,120,6217.00
"RED1",17.4763193,78.4227872,121,6249.00
"RED1",17.4761783,78.4229817,122,6275.00
"RED1",17.4760959,78.4230876,123,6289.00
"RED1",17.4760057,78.4231946,124,6304.00
"RED1",17.4758556,78.4233495,125,6328.00
"RED1",17.4757518,78.4234456,126,6343.00
"RED1",17.4756696,78.4235197,127,6355.00
"RED1",17.4755631,78.4236022,128,6370.00
"RED1",17.4754308,78.4236988,129,6388.00
"RED1",17.4752862,78.4237978,130,6407.00
"RED1",17.4732883,78.4251590,131,6672.00
"RED1",17.4726141,78.4256244,132,6762.00
"RED1",17.4718855,78.4261182,133,6858.00
"RED1",17.4715428,78.4263514,134,6904.00
"RED1",17.4708522,78.4268221,135,6995.00
"RED1",17.4701840,78.4272776,136,7084.00
"RED1",17.4695416,78.4277416,137,7171.00
"RED1",17.4693402,78.4278800,138,7197.00
"RED1",17.4691738,78.4279833,139,7219.00
"RED1",17.4690615,78.4280491,140,7233.00
"RED1",17.4689220,78.4281260,141,7251.00
"RED1",17.4687345,78.4282195,142,7274.00
"RED1",17.4674813,78.4288073,143,7426.00
"RED1",17.4673041,78.4288810,144,7448.00
"RED1",17.4671317,78.4289442,145,7468.00
"RED1",17.4669352,78.4290078,146,7491.00
"RED1",17.4666929,78.4290725,147,7519.00
"RED1",17.4664939,78.4291233,148,7541.00
"RED1",17.4663177,78.4291611,149,7561.00
"RED1",17.4659244,78.4292600,150,7606.00
"RED1",17.4657348,78.4293244,151,7628.00
"RED1",17.4655392,78.4293959,152,7652.00
"RED1",17.4650381,78.4296257,153,7712.00
"RED1",17.4646422,78.4298176,154,7761.00
"RED1",17.4640410,78.4300928,155,7834.00
"RED1",17.4634556,78.4303578,156,7905.00
"RED1",17.4628228,78.4306520,157,7982.00
"RED1",17.4622844,78.4308993,158,8047.00
"RED1",17.4618550,78.4310943,159,8099.00
"RED1",17.4615475,78.4312305,160,8136.00
"RED1",17.4603440,78.4317923,161,8283.00
"RED1",17.4601055,78.4319092,162,8312.00
"RED1",17.4598756,78.4320328,163,8341.00
"RED1",17.4596539,78.4321701,164,8369.00
"RED1",17.4592899,78.4324254,165,8418.00
"RED1",17.4590871,78.4325709,166,8445.00
"RED1",17.4588798,78.4327143,167,8473.00
"RED1",17.4586966,78.4328316,168,8497.00
"RED1",17.4584536,78.4329689,169,8528.00
"RED1",17.4582202,78.4330883,170,8556.00
"RED1",17.4578479,78.4332579,171,8602.00
"RED1",17.4570724,78.4335941,172,8695.00
"RED1",17.4566369,78.4337858,173,8747.00
"RED1",17.4564135,78.4338837,174,8774.00
"RED1",17.4560936,78.4340230,175,8813.00
"RED1",17.4555638,78.4342524,176,8877.00
"RED1",17.4550612,78.4344783,177,8937.00
"RED1",17.4542732,78.4348297,178,9033.00
"RED1",17.4540806,78.4349198,179,9056.00
"RED1",17.4538446,78.4350365,180,9085.00
"RED1",17.4532621,78.4353465,181,9158.00
"RED1",17.4527074,78.4356392,182,9227.00
"RED1",17.4524238,78.4357894,183,9262.00
"RED1",17.4521903,78.4359147,184,9291.00
"RED1",17.4520182,78.4360051,185,9313.00
"RED1",17.4510643,78.4364741,186,9430.00
"RED1",17.4506353,78.4367011,187,9483.00
"RED1",17.4503302,78.4368701,188,9522.00
"RED1",17.4501336,78.4369723,189,9546.00
"RED1",17.4499269,78.4370723,190,9571.00
"RED1",17.4497433,78.4371559,191,9594.00
"RED1",17.4491145,78.4374205,192,9669.00
"RED1",17.4489380,78.4375083,193,9691.00
"RED1",17.4487246,78.4376227,194,9717.00
"RED1",17.4485478,78.4377207,195,9740.00
"RED1",17.4482636,78.4378900,196,9776.00
"RED1",17.4479418,78.4380668,197,9816.00
"RED1",17.4470156,78.4385670,198,9932.00
"RED1",17.4467786,78.4386940,199,9962.00
"RED1",17.4462190,78.4389959,200,10032.00
"RED1",17.4458033,78.4392351,201,10084.00
"RED1",17.4451056,78.4396481,202,10174.00
"RED1",17.4449286,78.4397626,203,10197.00
"RED1",17.4447463,78.4398825,204,10221.00
"RED1",17.4445851,78.4400008,205,10242.00
"RED1",17.4444574,78.4400898,206,10260.00
"RED1",17.4443404,78.4401730,207,10275.00
"RED1",17.4441982,78.4402619,208,10294.00
"RED1",17.4440428,78.4403546,209,10314.00
"RED1",17.4438879,78.4404336,210,10333.00
"RED1",17.4435948,78.4405780,211,10369.00
"RED1",17.4433245,78.4407094,212,10402.00
"RED1",17.4431460,78.4408077,213,10424.00
"RED1",17.4406107,78.4422405,214,10745.00
"RED1",17.4400806,78.4424612,215,10808.00
"RED1",17.4381839,78.4432505,216,11035.00
"RED1",17.4377285,78.4434450,217,11090.00
"RED1",17.4373498,78.4436266,218,11136.00
"RED1",17.4371693,78.4437293,219,11159.00
"RED1",17.4362199,78.4442952,220,11280.00
"RED1",17.4355002,78.4447343,221,11373.00
"RED1",17.4349259,78.4450847,222,11447.00
"RED1",17.4346257,78.4452729,223,11486.00
"RED1",17.4344632,78.4453815,224,11507.00
"RED1",17.4342777,78.4455156,225,11532.00
"RED1",17.4340747,78.4456792,226,11560.00
"RED1",17.4336824,78.4460115,227,11617.00
"RED1",17.4320899,78.4474330,228,11849.00
"RED1",17.4316379,78.4479053,229,11920.00
"RED1",17.4301244,78.4499616,230,12196.00
"RED1",17.4300180,78.4501090,231,12215.00
"RED1",17.4298191,78.4503072,232,12246.00
"RED1",17.4296508,78.4504587,233,12270.00
"RED1",17.4295194,78.4505617,234,12289.00
"RED1",17.4284456,78.4513095,235,12432.00
"RED1",17.4270537,78.4523152,236,12620.00
"RED1",17.4243726,78.4538587,237,12960.00
"RED1",17.4241682,78.4539759,238,12986.00
"RED1",17.4220096,78.4552139,239,13260.00
"RED1",17.4202292,78.4563489,240,13491.00
"RED1",17.4192707,78.4569645,241,13616.00
"RED1",17.4191534,78.4570165,242,13631.00
"RED1",17.4175367,78.4572307,243,13812.00
"RED1",17.4171960,78.4572758,244,13850.00
"RED1",17.4171135,78.4572941,245,13859.00
"RED1",17.4170439,78.4573167,246,13867.00
"RED1",17.4166947,78.4574506,247,13909.00
"RED1",17.4161404,78.4577000,248,13976.00
"RED1",17.4159261,78.4578397,249,14004.00
"RED1",17.4155778,78.4581435,250,14054.00
"RED1",17.4154892,78.4582050,251,14066.00
"RED1",17.4153881,78.4582646,252,14079.00
"RED1",17.4144258,78.4586959,253,14195.00
"RED1",17.4142941,78.4587661,254,14212.00
"RED1",17.4141273,78.4589465,255,14238.00
"RED1",17.4135259,78.4598980,256,14360.00
"RED1",17.4134602,78.4599849,257,14371.00
"RED1",17.4130003,78.4603505,258,14436.00
"RED1",17.4122447,78.4607566,259,14530.00
"RED1",17.4111614,78.4609532,260,14652.00
"RED1",17.4110288,78.4609773,261,14667.00
"RED1",17.4103583,78.4610041,262,14742.00
"RED1",17.4093141,78.4606179,263,14865.00
"RED1",17.4087077,78.4605569,264,14933.00
"RED1",17.4083187,78.4605239,265,14976.00
"RED1",17.4080116,78.4605347,266,15010.00
"RED1",17.4075458,78.4605776,267,15062.00
"RED1",17.4072719,78.4606554,268,15094.00
"RED1",17.4070518,78.4608123,269,15123.00
"RED1",17.4068995,78.4610617,270,15155.00
"RED1",17.4068432,78.4612884,271,15180.00
"RED1",17.4067102,78.4617940,272,15235.00
"RED1",17.4065924,78.4622996,273,15291.00
"RED1",17.4065105,78.4625262,274,15316.00
"RED1",17.4063505,78.4627689,275,15348.00
"RED1",17.4060660,78.4630670,276,15392.00
"RED1",17.4051803,78.4638988,277,15524.00
"RED1",17.4047894,78.4642630,278,15583.00
"RED1",17.4036398,78.4653197,279,15753.00
"RED1",17.4034438,78.4655021,280,15782.00
"RED1",17.4031878,78.4657764,281,15823.00
"RED1",17.4029850,78.4660519,282,15859.00
"RED1",17.4028391,78.4664221,283,15902.00
"RED1",17.4027520,78.4673341,284,15999.00
"RED1",17.4026752,78.4678222,285,16052.00
"RED1",17.4024091,78.4683372,286,16114.00
"RED1",17.4013930,78.4699076,287,16315.00
"RED1",17.4011114,78.4702389,288,16362.00
"RED1",17.4009015,78.4704025,289,16391.00
"RED1",17.4004766,78.4705474,290,16441.00
"RED1",17.4001363,78.4705903,291,16479.00
"RED1",17.3997548,78.4706412,292,16522.00
"RED1",17.3991227,78.4707297,293,16593.00
"RED1",17.3985551,78.4707995,294,16656.00
"RED1",17.3983676,78.4708290,295,16677.00
"RED1",17.3980579,78.4708692,296,16712.00
"RED1",17.3979907,78.4708797,297,16720.00
"RED1",17.3970239,78.4710301,298,16828.00
"RED1",17.3963738,78.4711052,299,16901.00
"RED1",17.3960154,78.4710865,300,16941.00
"RED1",17.3957057,78.4710033,301,16977.00
"RED1",17.3953064,78.4707941,302,17026.00
"RED1",17.3950275,78.4705849,303,17064.00
"RED1",17.3948099,78.4704856,304,17091.00
"RED1",17.3945744,78.4704266,305,17118.00
"RED1",17.3942212,78.4703757,306,17157.00
"RED1",17.3935429,78.4703086,307,17233.00
"RED1",17.3928672,78.4702469,308,17308.00
"RED1",17.3922220,78.4701612,309,17381.00
"RED1",17.3916821,78.4701316,310,17441.00
"RED1",17.3909885,78.4701128,311,17518.00
"RED1",17.3905713,78.4701263,312,17564.00
"RED1",17.3904377,78.4701517,313,17580.00
"RED1",17.3902615,78.4701853,314,17599.00
"RED1",17.3899851,78.4703194,315,17633.00
"RED1",17.3896498,78.4706064,316,17681.00
"RED1",17.3890169,78.4711053,317,17770.00
"RED1",17.3879784,78.4718000,318,17907.00
"RED1",17.3870415,78.4724812,319,18033.00
"RED1",17.3858253,78.4733347,320,18196.00
"RED1",17.3852549,78.4737526,321,18273.00
"RED1",17.3848197,78.4740879,322,18334.00
"RED1",17.3843232,78.4745358,323,18406.00
"RED1",17.3839866,78.4748979,324,18460.00
"RED1",17.3838112,78.4751366,325,18492.00
"RED1",17.3836730,78.4753727,326,18521.00
"RED1",17.3835118,78.4757589,327,18566.00
"RED1",17.3833940,78.4761800,328,18613.00
"RED1",17.3832942,78.4768801,329,18688.00
"RED1",17.3831918,78.4777196,330,18778.00
"RED1",17.3830536,78.4788783,331,18902.00
"RED1",17.3829461,78.4797339,332,18993.00
"RED1",17.3828590,78.4800799,333,19031.00
"RED1",17.3827439,78.4803696,334,19064.00
"RED1",17.3824034,78.4810429,335,19145.00
"RED1",17.3821199,78.4816145,336,19214.00
"RED1",17.3817788,78.4823464,337,19300.00
"RED1",17.3815065,78.4829760,338,19373.00
"RED1",17.3813588,78.4833653,339,19418.00
"RED1",17.3812830,78.4835745,340,19442.00
"RED1",17.3812133,78.4837765,341,19464.00
"RED1",17.3811546,78.4839625,342,19485.00
"RED1",17.3810917,78.4841729,343,19509.00
"RED1",17.3809600,78.4846487,344,19561.00
"RED1",17.3808273,78.4850831,345,19610.00
"RED1",17.3807851,78.4851953,346,19622.00
"RED1",17.3807306,78.4853054,347,19636.00
"RED1",17.3806426,78.4854424,348,19653.00
"RED1",17.3805289,78.4855725,349,19672.00
"RED1",17.3804003,78.4857001,350,19691.00
"RED1",17.3798092,78.4862120,351,19777.00
"RED1",17.3793291,78.4866278,352,19846.00
"RED1",17.3792305,78.4867121,353,19860.00
"RED1",17.3791451,78.4867896,354,19873.00
"RED1",17.3790529,78.4868754,355,19886.00
"RED1",17.3789584,78.4869779,356,19902.00
"RED1",17.3788665,78.4870872,357,19917.00
"RED1",17.3787679,78.4872211,358,19935.00
"RED1",17.3786220,78.4874549,359,19965.00
"RED1",17.3785150,78.4876263,360,19986.00
"RED1",17.3777778,78.4887538,361,20131.00
"RED1",17.3776777,78.4889291,362,20153.00
"RED1",17.3776083,78.4890771,363,20171.00
"RED1",17.3775272,78.4892724,364,20193.00
"RED1",17.3774629,78.4894586,365,20214.00
"RED1",17.3774276,78.4896026,366,20230.00
"RED1",17.3773922,78.4897657,367,20248.00
"RED1",17.3773645,78.4899531,368,20268.00
"RED1",17.3773544,78.4901342,369,20287.00
"RED1",17.3773518,78.4903372,370,20309.00
"RED1",17.3773620,78.4905194,371,20328.00
"RED1",17.3773673,78.4906044,372,20337.00
"RED1",17.3773799,78.4908062,373,20358.00
"RED1",17.3774094,78.4912311,374,20404.00
"RED1",17.3774107,78.4914415,375,20426.00
"RED1",17.3774120,78.4916921,376,20453.00
"RED1",17.3774000,78.4919375,377,20479.00
"RED1",17.3772557,78.4932374,378,20618.00
"RED1",17.3772052,78.4939044,379,20689.00
"RED1",17.3771547,78.4945714,380,20760.00
"RED1",17.3771359,78.4949959,381,20805.00
"RED1",17.3771183,78.4951277,382,20819.00
"RED1",17.3770892,78.4952480,383,20832.00
"RED1",17.3770352,78.4954088,384,20850.00
"RED1",17.3769744,78.4955407,385,20866.00
"RED1",17.3768730,78.4956884,386,20885.00
"RED1",17.3768069,78.4957673,387,20896.00
"RED1",17.3767144,78.4958609,388,20910.00
"RED1",17.3766256,78.4959352,389,20923.00
"RED1",17.3763443,78.4961157,390,20960.00
"RED1",17.3761658,78.4962241,391,20983.00
"RED1",17.3760507,78.4963136,392,20999.00
"RED1",17.3759383,78.4964040,393,21014.00
"RED1",17.3758622,78.4964889,394,21027.00
"RED1",17.3757939,78.4965786,395,21039.00
"RED1",17.3757309,78.4966822,396,21052.00
"RED1",17.3756762,78.4968047,397,21066.00
"RED1",17.3756290,78.4969363,398,21081.00
"RED1",17.3756005,78.4970711,399,21096.00
"RED1",17.3755603,78.4974717,400,21139.00
"RED1",17.3755285,78.4976760,401,21160.00
"RED1",17.3754879,78.4978490,402,21179.00
"RED1",17.3754082,78.4980572,403,21203.00
"RED1",17.3753322,78.4982083,404,21221.00
"RED1",17.3752011,78.4984096,405,21247.00
"RED1",17.3751123,78.4985286,406,21263.00
"RED1",17.3749286,78.4987332,407,21293.00
"RED1",17.3747835,78.4989065,408,21317.00
"RED1",17.3746414,78.4990886,409,21342.00
"RED1",17.3744912,78.4993150,410,21372.00
"RED1",17.3743675,78.4995311,411,21398.00
"RED1",17.3742695,78.4997231,412,21422.00
"RED1",17.3739911,78.5002906,413,21489.00
"RED1",17.3738985,78.5005058,414,21514.00
"RED1",17.3738316,78.5006951,415,21536.00
"RED1",17.3737682,78.5009236,416,21561.00
"RED1",17.3737225,78.5011243,417,21583.00
"RED1",17.3736836,78.5013433,418,21607.00
"RED1",17.3735478,78.5024080,419,21721.00
"RED1",17.3734454,78.5031791,420,21803.00
"RED1",17.3733494,78.5039020,421,21881.00
"RED1",17.3729207,78.5068296,422,22195.00
"RED1",17.3728644,78.5071662,423,22231.00
"RED1",17.3728170,78.5074157,424,22258.00
"RED1",17.3727568,78.5077134,425,22290.00
"RED1",17.3726980,78.5079575,426,22317.00
"RED1",17.3726084,78.5082887,427,22354.00
"RED1",17.3725380,78.5085288,428,22380.00
"RED1",17.3724586,78.5087822,429,22409.00
"RED1",17.3722551,78.5093790,430,22476.00
"RED1",17.3720132,78.5101046,431,22558.00
"RED1",17.3719415,78.5103017,432,22580.00
"RED1",17.3718340,78.5105646,433,22610.00
"RED1",17.3717188,78.5108033,434,22639.00
"RED1",17.3715780,78.5110755,435,22671.00
"RED1",17.3714129,78.5113786,436,22709.00
"RED1",17.3710873,78.5119545,437,22780.00
"RED1",17.3706910,78.5126553,438,22866.00
"RED1",17.3704398,78.5131050,439,22921.00
"RED1",17.3702597,78.5134325,440,22961.00
"RED1",17.3701816,78.5135955,441,22981.00
"RED1",17.3701032,78.5137862,442,23003.00
"RED1",17.3700389,78.5139726,443,23024.00
"RED1",17.3699876,78.5141319,444,23042.00
"RED1",17.3699397,78.5143401,445,23064.00
"RED1",17.3699132,78.5144964,446,23081.00
"RED1",17.3698729,78.5148235,447,23116.00
"RED1",17.3698383,78.5150926,448,23145.00
"RED1",17.3697881,78.5153902,449,23177.00
"RED1",17.3697367,78.5156504,450,23205.00
"RED1",17.3696520,78.5160061,451,23244.00
"RED1",17.3692756,78.5174877,452,23407.00
"RED1",17.3688903,78.5189949,453,23573.00
"RED1",17.3688163,78.5192971,454,23606.00
"RED1",17.3687698,78.5195248,455,23630.00
"RED1",17.3687336,78.5197136,456,23651.00
"RED1",17.3687096,78.5199121,457,23672.00
"RED1",17.3687027,78.5200436,458,23686.00
"RED1",17.3686925,78.5202281,459,23706.00
"RED1",17.3686554,78.5219630,460,23890.00
"RED1",17.3685712,78.5251364,461,24227.00
"RED1",17.3685631,78.5257183,462,24288.00
"RED1",17.3685425,78.5265246,463,24374.00
"RED1",17.3683100,78.5361908,464,25400.00
"RED1",17.3682951,78.5368650,465,25472.00
"RED1",17.3682455,78.5374835,466,25538.00
"RED1",17.3682131,78.5377812,467,25569.00
"RED1",17.3681501,78.5381335,468,25607.00
"RED1",17.3679146,78.5389972,469,25703.00
"RED1",17.3675923,78.5398072,470,25796.00
"RED1",17.3673751,78.5402294,471,25847.00
"RED1",17.3671359,78.5406440,472,25898.00
"RED1",17.3664966,78.5415131,473,26015.00
"RED1",17.3656826,78.5423016,474,26138.00
"RED1",17.3652751,78.5425943,475,26193.00
"RED1",17.3649479,78.5428375,476,26238.00
"RED1",17.3642567,78.5432238,477,26325.00
"RED1",17.3635578,78.5434979,478,26408.00
"RED1",17.3618565,78.5439622,479,26603.00
"RED1",17.3563054,78.5453946,480,27239.00
"RED1",17.3520763,78.5464832,481,27723.00
"RED1",17.3517626,78.5466148,482,27761.00
"RED1",17.3510698,78.5469740,483,27847.00
"RED1",17.3498460,78.5479412,484,28017.00
"RED2",17.3498071,78.5478875,1,0.00
"RED2",17.3510352,78.5469169,2,171.00
"RED2",17.3517239,78.5465519,3,257.00
"RED2",17.3521312,78.5464143,4,304.00
"RED2",17.3571130,78.5451283,5,875.00
"RED2",17.3618406,78.5438968,6,1417.00
"RED2",17.3635384,78.5434335,7,1612.00
"RED2",17.3642302,78.5431622,8,1694.00
"RED2",17.3649143,78.5427799,9,1780.00
"RED2",17.3656422,78.5422489,10,1879.00
"RED2",17.3664491,78.5414672,11,2001.00
"RED2",17.3670932,78.5406065,12,2117.00
"RED2",17.3672221,78.5403937,13,2144.00
"RED2",17.3673389,78.5401809,14,2170.00
"RED2",17.3674476,78.5399780,15,2194.00
"RED2",17.3675526,78.5397751,16,2219.00
"RED2",17.3677228,78.5393737,17,2266.00
"RED2",17.3678685,78.5389749,18,2311.00
"RED2",17.3680971,78.5381201,19,2405.00
"RED2",17.3681566,78.5377728,20,2443.00
"RED2",17.3681926,78.5374655,21,2475.00
"RED2",17.3682308,78.5368602,22,2540.00
"RED2",17.3682602,78.5355349,23,2680.00
"RED2",17.3683363,78.5331735,24,2931.00
"RED2",17.3683567,78.5325135,25,3001.00
"RED2",17.3684425,78.5291523,26,3358.00
"RED2",17.3685227,78.5257174,27,3723.00
"RED2",17.3685332,78.5250373,28,3795.00
"RED2",17.3686195,78.5219622,29,4121.00
"RED2",17.3686566,78.5202266,30,4306.00
"RED2",17.3686668,78.5200415,31,4325.00
"RED2",17.3686738,78.5199087,32,4339.00
"RED2",17.3686982,78.5197075,33,4361.00
"RED2",17.3687346,78.5195171,34,4382.00
"RED2",17.3687813,78.5192884,35,4406.00
"RED2",17.3688556,78.5189854,36,4440.00
"RED2",17.3692409,78.5174780,37,4605.00
"RED2",17.3696172,78.5159967,38,4768.00
"RED2",17.3697016,78.5156420,39,4807.00
"RED2",17.3697528,78.5153832,40,4835.00
"RED2",17.3698027,78.5150868,41,4867.00
"RED2",17.3698373,78.5148185,42,4895.00
"RED2",17.3698776,78.5144906,43,4931.00
"RED2",17.3699045,78.5143324,44,4948.00
"RED2",17.3699526,78.5141231,45,4970.00
"RED2",17.3700048,78.5139608,46,4989.00
"RED2",17.3700698,78.5137724,47,5010.00
"RED2",17.3701490,78.5135796,48,5032.00
"RED2",17.3702280,78.5134147,49,5052.00
"RED2",17.3704088,78.5130860,50,5092.00
"RED2",17.3706601,78.5126362,51,5147.00
"RED2",17.3710547,78.5119383,52,5233.00
"RED2",17.3713819,78.5113597,53,5305.00
"RED2",17.3715466,78.5110572,54,5342.00
"RED2",17.3716870,78.5107858,55,5374.00
"RED2",17.3718014,78.5105486,56,5403.00
"RED2",17.3719082,78.5102876,57,5433.00
"RED2",17.3719794,78.5100917,58,5455.00
"RED2",17.3722212,78.5093665,59,5537.00
"RED2",17.3724246,78.5087700,60,5604.00
"RED2",17.3725037,78.5085174,61,5632.00
"RED2",17.3725739,78.5082780,62,5659.00
"RED2",17.3726633,78.5079477,63,5695.00
"RED2",17.3727218,78.5077049,64,5722.00
"RED2",17.3727818,78.5074081,65,5754.00
"RED2",17.3728290,78.5071593,66,5781.00
"RED2",17.3728853,78.5068231,67,5817.00
"RED2",17.3733168,78.5038919,68,6132.00
"RED2",17.3734093,78.5031773,69,6208.00
"RED2",17.3735082,78.5024133,70,6290.00
"RED2",17.3736483,78.5013364,71,6405.00
"RED2",17.3736873,78.5011165,72,6429.00
"RED2",17.3737334,78.5009140,73,6451.00
"RED2",17.3737974,78.5006833,74,6477.00
"RED2",17.3738653,78.5004915,75,6498.00
"RED2",17.3739587,78.5002743,76,6524.00
"RED2",17.3742377,78.4997056,77,6592.00
"RED2",17.3743363,78.4995125,78,6615.00
"RED2",17.3744611,78.4992946,79,6642.00
"RED2",17.3746127,78.4990659,80,6671.00
"RED2",17.3747561,78.4988822,81,6697.00
"RED2",17.3749020,78.4987079,82,6721.00
"RED2",17.3750850,78.4985040,83,6751.00
"RED2",17.3751720,78.4983873,84,6767.00
"RED2",17.3753013,78.4981889,85,6792.00
"RED2",17.3753756,78.4980413,86,6810.00
"RED2",17.3754536,78.4978375,87,6833.00
"RED2",17.3754933,78.4976685,88,6851.00
"RED2",17.3755247,78.4974667,89,6873.00
"RED2",17.3755650,78.4970650,90,6916.00
"RED2",17.3755944,78.4969255,91,6931.00
"RED2",17.3756431,78.4967901,92,6947.00
"RED2",17.3756994,78.4966640,93,6961.00
"RED2",17.3757646,78.4965567,94,6975.00
"RED2",17.3758350,78.4964642,95,6987.00
"RED2",17.3759141,78.4963760,96,7000.00
"RED2",17.3760291,78.4962836,97,7016.00
"RED2",17.3761461,78.4961926,98,7033.00
"RED2",17.3763259,78.4960833,99,7056.00
"RED2",17.3766049,78.4959043,100,7092.00
"RED2",17.3766907,78.4958325,101,7104.00
"RED2",17.3767809,78.4957413,102,7118.00
"RED2",17.3768449,78.4956649,103,7129.00
"RED2",17.3769434,78.4955214,104,7148.00
"RED2",17.3770020,78.4953943,105,7163.00
"RED2",17.3770548,78.4952371,106,7180.00
"RED2",17.3770829,78.4951204,107,7193.00
"RED2",17.3771002,78.4949917,108,7207.00
"RED2",17.3771203,78.4945686,109,7252.00
"RED2",17.3771708,78.4939016,110,7323.00
"RED2",17.3772213,78.4932345,111,7394.00
"RED2",17.3773642,78.4919348,112,7533.00
"RED2",17.3773760,78.4916912,113,7559.00
"RED2",17.3773748,78.4914418,114,7585.00
"RED2",17.3773735,78.4912325,115,7607.00
"RED2",17.3773440,78.4908088,116,7652.00
"RED2",17.3773261,78.4905218,117,7683.00
"RED2",17.3773159,78.4903380,118,7702.00
"RED2",17.3773184,78.4901328,119,7724.00
"RED2",17.3773287,78.4899491,120,7744.00
"RED2",17.3773568,78.4897587,121,7764.00
"RED2",17.3773927,78.4895937,122,7782.00
"RED2",17.3774285,78.4894475,123,7798.00
"RED2",17.3774938,78.4892584,124,7820.00
"RED2",17.3775757,78.4890613,125,7842.00
"RED2",17.3776461,78.4889111,126,7860.00
"RED2",17.3777472,78.4887341,127,7882.00
"RED2",17.3780132,78.4882943,128,7937.00
"RED2",17.3782448,78.4879806,129,7979.00
"RED2",17.3784742,78.4876191,130,8025.00
"RED2",17.3786701,78.4873001,131,8066.00
"RED2",17.3787310,78.4872058,132,8078.00
"RED2",17.3788109,78.4870942,133,8093.00
"RED2",17.3788802,78.4870029,134,8105.00
"RED2",17.3789557,78.4869187,135,8117.00
"RED2",17.3790550,78.4868186,136,8133.00
"RED2",17.3791397,78.4867420,137,8145.00
"RED2",17.3793034,78.4865987,138,8169.00
"RED2",17.3797847,78.4861805,139,8238.00
"RED2",17.3803768,78.4856660,140,8324.00
"RED2",17.3805014,78.4855455,141,8343.00
"RED2",17.3805908,78.4854343,142,8358.00
"RED2",17.3806811,78.4852940,143,8376.00
"RED2",17.3807452,78.4851612,144,8392.00
"RED2",17.3808110,78.4849854,145,8412.00
"RED2",17.3808510,78.4848655,146,8425.00
"RED2",17.3809119,78.4846603,147,8448.00
"RED2",17.3810666,78.4841036,148,8510.00
"RED2",17.3811198,78.4839230,149,8530.00
"RED2",17.3811725,78.4837590,150,8548.00
"RED2",17.3812366,78.4835646,151,8570.00
"RED2",17.3813109,78.4833617,152,8593.00
"RED2",17.3814723,78.4829575,153,8639.00
"RED2",17.3816465,78.4825695,154,8685.00
"RED2",17.3820194,78.4816708,155,8789.00
"RED2",17.3823464,78.4810116,156,8868.00
"RED2",17.3824963,78.4807152,157,8903.00
"RED2",17.3826856,78.4803408,158,8948.00
"RED2",17.3827979,78.4800582,159,8981.00
"RED2",17.3828828,78.4797208,160,9018.00
"RED2",17.3829898,78.4788697,161,9109.00
"RED2",17.3831280,78.4777111,162,9233.00
"RED2",17.3832305,78.4768708,163,9323.00
"RED2",17.3833310,78.4761655,164,9398.00
"RED2",17.3834512,78.4757358,165,9446.00
"RED2",17.3836158,78.4753414,166,9492.00
"RED2",17.3837581,78.4750983,167,9522.00
"RED2",17.3839379,78.4748536,168,9555.00
"RED2",17.3842791,78.4744866,169,9609.00
"RED2",17.3847796,78.4740351,170,9682.00
"RED2",17.3852174,78.4736978,171,9743.00
"RED2",17.3857890,78.4732790,172,9820.00
"RED2",17.3863645,78.4728752,173,9897.00
"RED2",17.3870053,78.4724255,174,9983.00
"RED2",17.3879427,78.4717439,175,10110.00
"RED2",17.3889783,78.4710471,176,10247.00
"RED2",17.3896102,78.4705532,177,10335.00
"RED2",17.3899507,78.4702618,178,10383.00
"RED2",17.3902419,78.4701205,179,10419.00
"RED2",17.3905645,78.4700590,180,10456.00
"RED2",17.3909884,78.4700453,181,10503.00
"RED2",17.3916846,78.4700642,182,10580.00
"RED2",17.3922278,78.4700940,183,10641.00
"RED2",17.3927365,78.4701615,184,10698.00
"RED2",17.3928741,78.4701798,185,10713.00
"RED2",17.3935487,78.4702414,186,10788.00
"RED2",17.3942286,78.4703087,187,10864.00
"RED2",17.3945863,78.4703602,188,10905.00
"RED2",17.3948304,78.4704214,189,10932.00
"RED2",17.3950594,78.4705259,190,10960.00
"RED2",17.3953397,78.4707362,191,10999.00
"RED2",17.3957284,78.4709398,192,11047.00
"RED2",17.3960251,78.4710195,193,11081.00
"RED2",17.3963719,78.4710376,194,11120.00
"RED2",17.3970157,78.4709632,195,11192.00
"RED2",17.3980492,78.4708024,196,11308.00
"RED2",17.3982698,78.4707738,197,11332.00
"RED2",17.3983650,78.4707614,198,11343.00
"RED2",17.3988745,78.4707160,199,11400.00
"RED2",17.3993435,78.4706382,200,11453.00
"RED2",17.3997644,78.4705756,201,11500.00
"RED2",17.4004871,78.4704882,202,11581.00
"RED2",17.4008911,78.4703419,203,11628.00
"RED2",17.4010911,78.4701892,204,11656.00
"RED2",17.4013531,78.4698774,205,11700.00
"RED2",17.4023585,78.4682936,206,11902.00
"RED2",17.4026135,78.4678000,207,11961.00
"RED2",17.4026882,78.4673252,208,12013.00
"RED2",17.4027760,78.4664055,209,12111.00
"RED2",17.4029288,78.4660178,210,12155.00
"RED2",17.4031392,78.4657321,211,12193.00
"RED2",17.4033995,78.4654531,212,12235.00
"RED2",17.4042288,78.4646895,213,12358.00
"RED2",17.4047468,78.4642125,214,12434.00
"RED2",17.4051375,78.4638485,215,12492.00
"RED2",17.4060218,78.4630180,216,12624.00
"RED2",17.4063009,78.4627255,217,12668.00
"RED2",17.4064531,78.4624946,218,12698.00
"RED2",17.4065308,78.4622796,219,12722.00
"RED2",17.4066479,78.4617770,220,12777.00
"RED2",17.4067811,78.4612709,221,12833.00
"RED2",17.4068398,78.4610344,222,12859.00
"RED2",17.4070047,78.4607643,223,12893.00
"RED2",17.4072447,78.4605933,224,12925.00
"RED2",17.4075345,78.4605109,225,12959.00
"RED2",17.4080077,78.4604674,226,13011.00
"RED2",17.4083202,78.4604564,227,13046.00
"RED2",17.4087134,78.4604897,228,13090.00
"RED2",17.4093281,78.4605515,229,13159.00
"RED2",17.4103681,78.4609362,230,13281.00
"RED2",17.4110221,78.4609101,231,13354.00
"RED2",17.4119664,78.4607387,232,13461.00
"RED2",17.4122241,78.4606919,233,13490.00
"RED2",17.4129659,78.4602932,234,13583.00
"RED2",17.4134148,78.4599363,235,13645.00
"RED2",17.4134738,78.4598584,236,13656.00
"RED2",17.4140770,78.4589040,237,13777.00
"RED2",17.4142554,78.4587111,238,13806.00
"RED2",17.4143985,78.4586348,239,13824.00
"RED2",17.4153596,78.4582040,240,13940.00
"RED2",17.4154556,78.4581474,241,13952.00
"RED2",17.4155394,78.4580893,242,13963.00
"RED2",17.4158884,78.4577849,243,14014.00
"RED2",17.4161106,78.4576400,244,14043.00
"RED2",17.4166710,78.4573879,245,14111.00
"RED2",17.4170233,78.4572528,246,14152.00
"RED2",17.4170973,78.4572288,247,14161.00
"RED2",17.4171853,78.4572092,248,14171.00
"RED2",17.4191365,78.4569508,249,14390.00
"RED2",17.4192412,78.4569043,250,14402.00
"RED2",17.4201957,78.4562913,251,14527.00
"RED2",17.4209654,78.4558011,252,14627.00
"RED2",17.4219758,78.4551575,253,14758.00
"RED2",17.4243417,78.4537996,254,15058.00
"RED2",17.4270199,78.4522577,255,15398.00
"RED2",17.4289005,78.4508989,256,15652.00
"RED2",17.4294827,78.4505063,257,15729.00
"RED2",17.4296105,78.4504060,258,15747.00
"RED2",17.4297760,78.4502571,259,15771.00
"RED2",17.4299699,78.4500639,260,15801.00
"RED2",17.4300733,78.4499206,261,15820.00
"RED2",17.4315895,78.4478606,262,16096.00
"RED2",17.4320470,78.4473827,263,16168.00
"RED2",17.4336555,78.4459823,264,16400.00
"RED2",17.4340343,78.4456613,265,16454.00
"RED2",17.4342470,78.4454928,266,16484.00
"RED2",17.4344466,78.4453453,267,16511.00
"RED2",17.4346132,78.4452363,268,16533.00
"RED2",17.4349161,78.4450516,269,16572.00
"RED2",17.4354849,78.4447024,270,16645.00
"RED2",17.4362072,78.4442590,271,16738.00
"RED2",17.4371514,78.4436958,272,16859.00
"RED2",17.4373271,78.4435972,273,16881.00
"RED2",17.4377169,78.4434074,274,16929.00
"RED2",17.4381788,78.4432116,275,16984.00
"RED2",17.4397512,78.4425569,276,17173.00
"RED2",17.4405962,78.4422050,277,17274.00
"RED2",17.4431312,78.4407689,278,17594.00
"RED2",17.4433047,78.4406747,279,17616.00
"RED2",17.4435805,78.4405372,280,17650.00
"RED2",17.4438727,78.4403980,281,17686.00
"RED2",17.4440248,78.4403198,282,17704.00
"RED2",17.4441819,78.4402273,283,17724.00
"RED2",17.4443210,78.4401355,284,17743.00
"RED2",17.4444386,78.4400567,285,17758.00
"RED2",17.4446895,78.4398754,286,17792.00
"RED2",17.4448964,78.4397326,287,17820.00
"RED2",17.4450880,78.4396117,288,17844.00
"RED2",17.4457901,78.4391981,289,17934.00
"RED2",17.4462039,78.4389605,290,17987.00
"RED2",17.4467702,78.4386518,291,18057.00
"RED2",17.4477279,78.4381333,292,18177.00
"RED2",17.4479139,78.4380326,293,18201.00
"RED2",17.4482452,78.4378538,294,18242.00
"RED2",17.4485307,78.4376842,295,18279.00
"RED2",17.4487068,78.4375841,296,18301.00
"RED2",17.4489474,78.4374580,297,18331.00
"RED2",17.4491007,78.4373812,298,18350.00
"RED2",17.4497345,78.4371150,299,18426.00
"RED2",17.4499142,78.4370350,300,18447.00
"RED2",17.4501160,78.4369367,301,18472.00
"RED2",17.4503144,78.4368312,302,18497.00
"RED2",17.4506145,78.4366623,303,18535.00
"RED2",17.4510498,78.4364360,304,18589.00
"RED2",17.4520011,78.4359673,305,18706.00
"RED2",17.4521780,78.4358767,306,18727.00
"RED2",17.4524143,78.4357493,307,18757.00
"RED2",17.4526980,78.4355982,308,18792.00
"RED2",17.4532480,78.4353096,309,18861.00
"RED2",17.4538336,78.4349950,310,18934.00
"RED2",17.4540676,78.4348801,311,18963.00
"RED2",17.4542637,78.4347882,312,18987.00
"RED2",17.4550516,78.4344357,313,19082.00
"RED2",17.4555467,78.4342175,314,19141.00
"RED2",17.4560812,78.4339862,315,19206.00
"RED2",17.4566232,78.4337487,316,19271.00
"RED2",17.4577203,78.4332668,317,19403.00
"RED2",17.4578240,78.4332213,318,19416.00
"RED2",17.4582129,78.4330436,319,19463.00
"RED2",17.4584089,78.4329462,320,19487.00
"RED2",17.4585378,78.4328751,321,19503.00
"RED2",17.4587141,78.4327715,322,19526.00
"RED2",17.4588937,78.4326569,323,19549.00
"RED2",17.4590552,78.4325430,324,19571.00
"RED2",17.4592656,78.4323884,325,19599.00
"RED2",17.4596573,78.4321212,326,19651.00
"RED2",17.4598659,78.4320096,327,19677.00
"RED2",17.4600852,78.4318861,328,19705.00
"RED2",17.4603346,78.4317495,329,19736.00
"RED2",17.4615288,78.4311964,330,19882.00
"RED2",17.4618413,78.4310565,331,19919.00
"RED2",17.4622809,78.4308554,332,19973.00
"RED2",17.4628892,78.4305764,333,20047.00
"RED2",17.4634479,78.4303158,334,20115.00
"RED2",17.4644365,78.4298596,335,20235.00
"RED2",17.4646229,78.4297736,336,20257.00
"RED2",17.4654398,78.4293940,337,20357.00
"RED2",17.4656045,78.4293287,338,20376.00
"RED2",17.4657140,78.4292876,339,20389.00
"RED2",17.4658410,78.4292440,340,20404.00
"RED2",17.4660009,78.4291971,341,20422.00
"RED2",17.4661520,78.4291561,342,20440.00
"RED2",17.4663638,78.4291075,343,20464.00
"RED2",17.4667115,78.4290279,344,20504.00
"RED2",17.4669033,78.4289767,345,20526.00
"RED2",17.4670320,78.4289365,346,20540.00
"RED2",17.4671215,78.4289064,347,20551.00
"RED2",17.4672902,78.4288444,348,20571.00
"RED2",17.4674708,78.4287664,349,20593.00
"RED2",17.4687201,78.4281824,350,20745.00
"RED2",17.4689047,78.4280902,351,20767.00
"RED2",17.4690326,78.4280190,352,20783.00
"RED2",17.4691541,78.4279503,353,20799.00
"RED2",17.4693156,78.4278489,354,20820.00
"RED2",17.4695260,78.4277031,355,20848.00
"RED2",17.4701652,78.4272391,356,20934.00
"RED2",17.4712628,78.4264926,357,21080.00
"RED2",17.4715219,78.4263149,358,21114.00
"RED2",17.4723848,78.4257298,359,21228.00
"RED2",17.4725960,78.4255866,360,21256.00
"RED2",17.4728475,78.4254148,361,21290.00
"RED2",17.4753463,78.4237071,362,21621.00
"RED2",17.4755469,78.4235630,363,21648.00
"RED2",17.4756420,78.4234892,364,21662.00
"RED2",17.4757251,78.4234172,365,21674.00
"RED2",17.4758226,78.4233283,366,21688.00
"RED2",17.4759145,78.4232328,367,21702.00
"RED2",17.4760670,78.4230644,368,21727.00
"RED2",17.4761483,78.4229563,369,21742.00
"RED2",17.4762837,78.4227711,370,21766.00
"RED2",17.4764441,78.4225190,371,21798.00
"RED2",17.4770298,78.4216187,372,21914.00
"RED2",17.4771624,78.4214148,373,21940.00
"RED2",17.4775191,78.4208779,374,22010.00
"RED2",17.4791363,78.4186337,375,22308.00
"RED2",17.4793167,78.4184093,376,22339.00
"RED2",17.4795522,78.4181328,377,22378.00
"RED2",17.4798914,78.4177659,378,22433.00
"RED2",17.4802692,78.4173708,379,22492.00
"RED2",17.4804361,78.4172007,380,22518.00
"RED2",17.4806166,78.4170285,381,22545.00
"RED2",17.4813642,78.4163241,382,22657.00
"RED2",17.4815124,78.4161639,383,22680.00
"RED2",17.4816311,78.4160216,384,22700.00
"RED2",17.4817369,78.4158786,385,22720.00
"RED2",17.4818380,78.4157282,386,22739.00
"RED2",17.4819403,78.4155643,387,22760.00
"RED2",17.4824387,78.4147250,388,22865.00
"RED2",17.4832248,78.4133956,389,23031.00
"RED2",17.4833673,78.4131781,390,23059.00
"RED2",17.4835939,78.4128792,391,23099.00
"RED2",17.4837218,78.4127316,392,23120.00
"RED2",17.4838149,78.4126320,393,23135.00
"RED2",17.4839447,78.4125010,394,23155.00
"RED2",17.4840061,78.4124445,395,23164.00
"RED2",17.4840921,78.4123688,396,23177.00
"RED2",17.4841924,78.4122838,397,23191.00
"RED2",17.4846181,78.4119616,398,23249.00
"RED2",17.4855230,78.4113030,399,23372.00
"RED2",17.4856679,78.4111975,400,23392.00
"RED2",17.4859229,78.4110038,401,23427.00
"RED2",17.4862579,78.4107592,402,23472.00
"RED2",17.4880446,78.4095865,403,23706.00
"RED2",17.4881489,78.4095120,404,23720.00
"RED2",17.4882532,78.4094362,405,23734.00
"RED2",17.4884513,78.4092833,406,23762.00
"RED2",17.4894522,78.4084773,407,23902.00
"RED2",17.4909892,78.4072381,408,24118.00
"RED2",17.4910938,78.4071438,409,24133.00
"RED2",17.4911949,78.4070396,410,24149.00
"RED2",17.4912766,78.4069447,411,24162.00
"RED2",17.4913565,78.4068400,412,24177.00
"RED2",17.4914490,78.4066992,413,24195.00
"RED2",17.4915175,78.4065827,414,24209.00
"RED2",17.4915818,78.4064654,415,24224.00
"RED2",17.4916573,78.4063086,416,24242.00
"RED2",17.4927050,78.4040984,417,24504.00
"RED2",17.4935141,78.4023455,418,24711.00
"RED2",17.4937841,78.4017525,419,24780.00
"RED2",17.4940624,78.4011410,420,24852.00
"RED2",17.4955826,78.3978236,421,25242.00
"RED2",17.4956567,78.3976490,422,25263.00
"RED2",17.4957513,78.3974006,423,25291.00
"RED2",17.4958271,78.3971696,424,25317.00
"RED2",17.4959230,78.3968241,425,25355.00
"RED2",17.4966120,78.3942158,426,25642.00
"RED2",17.4966609,78.3940701,427,25658.00
"RED2",17.4967231,78.3939100,428,25677.00
"RED2",17.4967906,78.3937443,429,25696.00
"RED2",17.4968689,78.3935801,430,25715.00
"RED2",17.4969436,78.3934449,431,25732.00
"RED2",17.4970387,78.3932888,432,25752.00
"RED2",17.4978555,78.3920776,433,25909.00
"RED2",17.4979726,78.3918805,434,25934.00
"RED2",17.4980523,78.3917203,435,25953.00
"RED2",17.4981418,78.3915213,436,25976.00
"RED2",17.4982103,78.3913614,437,25995.00
"RED2",17.4982738,78.3911774,438,26015.00
"RED2",17.4983311,78.3909859,439,26037.00
"RED2",17.4983761,78.3907842,440,26059.00
"RED2",17.4984017,78.3906141,441,26077.00
"RED2",17.4984508,78.3902708,442,26114.00
"RED2",17.4985487,78.3895213,443,26194.00
"RED2",17.4986370,78.3888634,444,26264.00
"RED2",17.4987252,78.3882065,445,26335.00
"RED2",17.4988880,78.3869858,446,26465.00
"RED2",17.4990457,78.3857887,447,26594.00
"RED2",17.4992700,78.3841789,448,26766.00
"RED2",17.4994082,78.3831994,449,26871.00
"RED2",17.4994306,78.3829802,450,26895.00
"RED2",17.4994393,78.3827822,451,26916.00
"RED2",17.4994357,78.3826039,452,26934.00
"RED2",17.4994212,78.3823983,453,26956.00
"RED2",17.4993944,78.3821798,454,26980.00
"RED2",17.4993380,78.3819052,455,27009.00
"RED2",17.4992866,78.3817201,456,27030.00
"RED2",17.4991788,78.3814068,457,27065.00
"RED2",17.4990088,78.3809403,458,27118.00
"RED2",17.4989243,78.3807145,459,27144.00
"RED2",17.4988555,78.3805378,460,27164.00
"RED2",17.4987819,78.3803642,461,27184.00
"RED2",17.4986967,78.3801767,462,27206.00
"RED2",17.4986006,78.3799789,463,27230.00
"RED2",17.4983266,78.3794212,464,27296.00
"RED2",17.4975558,78.3778526,465,27484.00
"RED2",17.4974835,78.3777092,466,27501.00
"RED2",17.4974364,78.3776030,467,27513.00
"RED2",17.4973865,78.3774907,468,27526.00
"RED2",17.4973395,78.3773716,469,27540.00
"RED2",17.4972700,78.3771781,470,27562.00
"RED2",17.4972317,78.3770416,471,27577.00
"RED2",17.4971955,78.3769028,472,27592.00
"RED2",17.4971593,78.3767275,473,27611.00
"RED2",17.4971182,78.3764986,474,27636.00
"RED2",17.4970082,78.3758697,475,27704.00
"RED2",17.4969691,78.3756869,476,27724.00
"RED2",17.4969272,78.3755207,477,27742.00
"RED2",17.4968765,78.3753538,478,27760.00
"RED2",17.4968266,78.3751892,479,27779.00
"RED2",17.4966262,78.3745656,480,27849.00
"RED2",17.4965755,78.3744093,481,27866.00
"RED2",17.4965466,78.3742925,482,27879.00
"RED2",17.4965285,78.3741923,483,27890.00
"RED2",17.4965162,78.3740861,484,27901.00
"RED2",17.4965097,78.3739511,485,27915.00
"RED2",17.4965111,78.3736848,486,27944.00
"RED2",17.4965198,78.3730251,487,28014.00
